num_reactions,num_comments,num_shares,num_likes,num_loves,num_wows,num_hahas,num_sads,num_angrys,hour,type_photo,type_status,type_video
529,512,262,432,92,3,1,1,0,6,0,0,1
227,236,57,204,21,1,1,0,0,6,0,0,1
503,614,72,418,70,10,2,0,3,0,0,0,1
295,453,53,260,32,1,1,0,1,7,0,0,1
170,9,1,167,3,0,0,0,0,4,1,0,0
210,2,3,202,7,1,0,0,0,1,1,0,0
313,4,2,305,6,2,0,0,0,5,1,0,0
332,100,30,303,23,1,5,0,0,5,0,0,1
135,256,79,117,18,0,0,0,0,8,0,0,1
150,173,47,132,16,1,0,1,0,8,0,0,1
221,166,36,192,28,0,1,0,0,7,0,0,1
234,15,1,221,12,1,0,0,0,8,1,0,0
227,7,1,217,7,2,1,0,0,7,1,0,0
75,36,14,70,5,0,0,0,0,8,0,0,1
90,78,9,85,5,0,0,0,0,7,0,0,1
253,300,31,229,22,1,1,0,0,7,0,0,1
128,137,26,110,16,2,0,0,0,9,0,0,1
84,15,13,78,5,1,0,0,0,8,1,0,0
66,11,6,61,4,1,0,0,0,1,1,0,0
171,292,28,150,19,1,1,0,0,8,0,0,1
90,72,23,79,10,1,0,0,0,10,0,0,1
139,39,9,121,16,1,1,0,0,0,0,0,1
236,181,21,201,33,0,1,0,1,0,0,0,1
225,210,34,193,30,0,2,0,0,7,0,0,1
372,456,37,334,31,1,1,1,4,4,0,0,1
128,60,11,114,13,0,0,0,1,8,0,0,1
186,235,46,163,19,0,3,0,1,1,0,0,1
309,444,36,254,42,2,8,3,0,3,0,0,1
77,11,3,75,2,0,0,0,0,5,1,0,0
119,72,28,103,16,0,0,0,0,7,0,0,1
100,21,13,95,5,0,0,0,0,1,1,0,0
240,255,111,193,44,1,1,0,1,9,0,0,1
164,136,48,146,15,2,0,1,0,8,0,0,1
202,327,42,171,30,1,0,0,0,8,0,0,1
211,284,46,186,25,0,0,0,0,9,0,0,1
148,114,16,136,10,0,2,0,0,3,0,0,1
97,81,16,84,13,0,0,0,0,8,0,0,1
279,292,34,254,20,3,1,1,0,9,0,0,1
177,193,34,151,25,1,0,0,0,6,0,0,1
517,32,1,484,26,7,0,0,0,7,1,0,0
289,258,33,256,33,0,0,0,0,5,0,0,1
206,259,48,181,22,1,2,0,0,8,0,0,1
362,468,86,305,56,0,0,1,0,8,0,0,1
184,130,51,161,23,0,0,0,0,9,0,0,1
216,251,34,199,16,0,0,0,1,9,0,0,1
272,258,43,226,44,1,1,0,0,9,0,0,1
248,247,34,208,33,3,2,0,2,23,0,0,1
132,89,40,110,20,1,0,0,1,9,0,0,1
226,341,41,196,30,0,0,0,0,9,0,0,1
219,316,36,170,46,3,0,0,0,8,0,0,1
94,1,1,94,0,0,0,0,0,5,0,0,1
259,368,50,234,25,0,0,0,0,9,0,0,1
127,76,21,114,13,0,0,0,0,22,0,0,1
149,63,15,134,15,0,0,0,0,0,0,0,1
134,171,41,116,18,0,0,0,0,9,0,0,1
392,461,47,360,32,0,0,0,0,9,0,0,1
310,540,41,284,26,0,0,0,0,8,0,0,1
293,6,1,275,15,3,0,0,0,6,1,0,0
378,512,30,348,27,2,0,0,1,0,0,0,1
421,709,30,373,45,2,0,1,0,22,0,0,1
117,2,53,108,9,0,0,0,0,12,1,0,0
203,18,11,190,7,6,0,0,0,3,1,0,0
1005,25,1,979,16,9,1,0,0,0,1,0,0
202,145,23,182,19,0,0,0,1,23,0,0,1
212,116,11,201,10,1,0,0,0,3,0,0,1
225,157,17,211,14,0,0,0,0,2,0,0,1
171,46,5,156,12,2,1,0,0,9,0,0,1
247,120,16,232,14,1,0,0,0,2,0,0,1
269,453,39,242,26,1,0,0,0,5,0,0,1
258,486,32,235,23,0,0,0,0,2,0,0,1
109,2,1,104,5,0,0,0,0,1,1,0,0
280,199,25,254,24,2,0,0,0,6,0,0,1
325,77,21,293,30,1,1,0,0,5,0,0,1
280,825,47,243,35,1,1,0,0,2,0,0,1
365,805,46,320,39,1,3,0,2,3,0,0,1
226,449,37,189,25,1,1,10,0,1,0,0,1
104,49,13,91,12,0,0,1,0,1,0,0,1
244,589,48,213,29,1,1,0,0,0,0,0,1
252,558,41,204,45,1,1,0,1,8,0,0,1
121,15,4,114,4,2,1,0,0,8,0,0,1
103,8,3,99,4,0,0,0,0,0,1,0,0
136,31,16,122,14,0,0,0,0,23,0,0,1
337,247,27,300,35,1,1,0,0,21,0,0,1
175,157,14,157,18,0,0,0,0,0,0,0,1
339,424,36,296,38,1,4,0,0,7,0,0,1
177,131,27,150,27,0,0,0,0,0,0,0,1
403,525,42,363,36,1,3,0,0,4,0,0,1
148,4,3,144,4,0,0,0,0,2,1,0,0
150,24,2,144,6,0,0,0,0,23,1,0,0
144,15,8,140,4,0,0,0,0,6,0,1,0
298,491,46,262,34,2,0,0,0,3,0,0,1
171,4,1,166,5,0,0,0,0,2,1,0,0
374,588,46,327,47,0,0,0,0,8,0,0,1
267,20,1,249,8,10,0,0,0,9,1,0,0
98,23,5,95,2,1,0,0,0,7,1,0,0
174,6,1,167,5,2,0,0,0,6,1,0,0
64,5,1,59,5,0,0,0,0,10,1,0,0
192,417,40,168,22,1,1,0,0,1,0,0,1
110,18,6,110,0,0,0,0,0,0,1,0,0
119,12,7,117,2,0,0,0,0,0,1,0,0
234,355,34,178,52,2,0,1,1,23,0,0,1
147,17,7,141,5,1,0,0,0,9,1,0,0
299,564,42,262,34,1,1,0,1,7,0,0,1
629,11,1,607,18,4,0,0,0,2,1,0,0
219,110,17,190,26,1,2,0,0,0,0,0,1
398,605,30,348,44,3,3,0,0,1,0,0,1
182,3,4,177,5,0,0,0,0,1,1,0,0
317,158,32,269,47,1,0,0,0,22,0,0,1
571,888,107,459,107,1,1,1,2,5,0,0,1
74,6,3,74,0,0,0,0,0,1,1,0,0
368,911,50,317,50,1,0,0,0,4,0,0,1
162,6,2,158,3,1,0,0,0,2,1,0,0
734,996,73,601,116,11,6,0,0,23,0,0,1
42,16,9,41,1,0,0,0,0,0,0,1,0
33,6,3,31,2,0,0,0,0,9,0,1,0
29,6,1,29,0,0,0,0,0,1,0,0,1
475,574,48,406,63,4,2,0,0,9,0,0,1
50,8,2,49,1,0,0,0,0,23,1,0,0
94,23,6,94,0,0,0,0,0,22,1,0,0
303,34,3,291,11,1,0,0,0,8,0,0,1
168,7,1,167,1,0,0,0,0,7,1,0,0
390,17,2,382,5,3,0,0,0,2,1,0,0
191,2,2,188,2,1,0,0,0,8,1,0,0
364,7,2,347,15,2,0,0,0,2,1,0,0
282,524,38,247,34,0,1,0,0,7,0,0,1
369,14,1,362,7,0,0,0,0,7,1,0,0
138,16,6,133,4,1,0,0,0,8,1,0,0
96,9,1,93,1,2,0,0,0,9,1,0,0
282,19,4,257,20,3,2,0,0,23,0,0,1
383,8,1,367,13,3,0,0,0,4,1,0,0
885,462,26,659,220,0,2,0,0,7,0,0,1
185,11,1,175,10,0,0,0,0,7,1,0,0
259,1,1,251,7,0,1,0,0,4,1,0,0
199,9,1,186,13,0,0,0,0,23,1,0,0
717,40,1,680,30,7,0,0,0,4,1,0,0
351,4,1,344,6,0,0,0,0,9,1,0,0
305,5,1,295,10,0,0,0,0,2,1,0,0
71,10,2,70,1,0,0,0,0,6,1,0,0
67,6,3,66,0,1,0,0,0,23,1,0,0
239,5,2,229,8,0,0,2,0,22,1,0,0
228,1,1,220,7,1,0,0,0,8,1,0,0
498,254,17,408,77,5,6,1,1,0,0,0,1
166,5,2,159,7,0,0,0,0,0,1,0,0
272,265,20,228,44,0,0,0,0,3,0,0,1
127,7,1,125,2,0,0,0,0,2,1,0,0
33,1,1,33,0,0,0,0,0,0,0,0,0
264,8,3,257,5,2,0,0,0,7,1,0,0
152,5,1,148,3,1,0,0,0,6,1,0,0
172,7,7,163,6,2,1,0,0,5,0,0,1
616,523,21,459,125,21,8,0,1,2,0,0,1
593,309,23,484,99,1,4,4,1,8,0,0,1
97,8,2,94,3,0,0,0,0,1,1,0,0
77,13,4,77,0,0,0,0,0,9,1,0,0
38,6,3,38,0,0,0,0,0,9,1,0,0
34,10,6,34,0,0,0,0,0,9,1,0,0
23,5,1,22,1,0,0,0,0,7,1,0,0
217,24,5,206,10,1,0,0,0,0,0,0,1
161,9,2,158,3,0,0,0,0,1,1,0,0
97,9,3,95,2,0,0,0,0,8,1,0,0
166,11,1,165,1,0,0,0,0,5,1,0,0
121,18,3,110,11,0,0,0,0,1,0,0,1
33,9,1,33,0,0,0,0,0,0,1,0,0
286,61,5,250,30,5,1,0,0,22,0,0,1
104,6,1,102,2,0,0,0,0,4,1,0,0
91,10,4,90,0,1,0,0,0,4,1,0,0
629,16,1,610,16,2,1,0,0,5,1,0,0
58,4,3,58,0,0,0,0,0,5,0,0,1
213,2,2,207,6,0,0,0,0,0,1,0,0
463,48,2,450,8,4,1,0,0,23,1,0,0
1186,37,1,1161,19,6,0,0,0,3,1,0,0
591,560,49,498,84,3,4,1,1,22,0,0,1
424,8,1,411,13,0,0,0,0,10,1,0,0
439,10,3,424,15,0,0,0,0,9,1,0,0
1043,117,24,984,58,1,0,0,0,9,0,1,0
84,7,1,84,0,0,0,0,0,0,0,1,0
46,3,1,46,0,0,0,0,0,10,0,0,0
51,8,6,51,0,0,0,0,0,2,0,0,1
85,9,2,83,2,0,0,0,0,1,1,0,0
213,13,1,212,1,0,0,0,0,22,1,0,0
204,128,4,184,17,0,2,1,0,9,0,0,1
256,427,30,191,62,1,2,0,0,4,0,0,1
148,54,2,126,18,4,0,0,0,22,0,0,1
195,95,5,162,30,0,3,0,0,11,0,0,1
138,25,2,125,11,2,0,0,0,1,0,0,1
627,266,8,519,105,2,0,1,0,9,0,0,1
162,75,6,145,16,0,1,0,0,1,0,0,1
266,165,10,215,42,3,4,2,0,8,0,0,1
113,2,1,107,3,2,0,1,0,0,1,0,0
256,103,16,205,47,1,2,0,1,1,0,0,1
186,1,1,184,0,2,0,0,0,7,1,0,0
135,9,2,118,10,4,2,1,0,7,0,0,1
174,195,3,146,18,5,4,1,0,6,0,0,1
171,84,4,159,10,2,0,0,0,23,0,0,1
148,16,5,146,1,1,0,0,0,4,1,0,0
304,9,6,298,5,1,0,0,0,5,1,0,0
412,4,2,399,13,0,0,0,0,6,1,0,0
353,8,2,342,9,1,1,0,0,8,1,0,0
144,14,1,142,2,0,0,0,0,5,1,0,0
905,10,5,876,21,8,0,0,0,4,1,0,0
151,19,2,129,18,2,1,1,0,6,0,0,1
227,3,4,218,8,1,0,0,0,7,1,0,0
340,1201,47,276,55,1,6,1,1,0,0,0,1
189,22,2,185,3,1,0,0,0,9,1,0,0
113,15,1,100,9,1,1,2,0,1,0,0,1
133,19,2,115,13,4,1,0,0,22,0,0,1
322,8,1,311,8,3,0,0,0,10,1,0,0
373,4,3,367,5,1,0,0,0,5,1,0,0
249,147,8,193,50,2,4,0,0,4,0,0,1
239,127,7,189,47,0,3,0,0,23,0,0,1
135,9,1,131,3,1,0,0,0,8,1,0,0
154,72,6,124,24,3,2,1,0,1,0,0,1
542,21,1,521,11,9,1,0,0,21,1,0,0
279,274,15,233,42,4,0,0,0,1,0,0,1
65,4,1,65,0,0,0,0,0,0,0,0,1
190,11,1,182,5,3,0,0,0,10,1,0,0
320,4,1,309,10,1,0,0,0,11,1,0,0
445,432,27,315,124,2,3,0,1,21,0,0,1
196,7,8,190,2,4,0,0,0,6,1,0,0
607,383,52,446,159,1,0,0,1,4,0,0,1
93,2,1,90,3,0,0,0,0,9,0,1,0
245,169,37,205,33,5,2,0,0,4,0,0,1
225,12,29,222,2,1,0,0,0,0,0,1,0
133,4,2,128,5,0,0,0,0,9,1,0,0
170,11,2,159,11,0,0,0,0,9,1,0,0
261,36,1,256,5,0,0,0,0,6,1,0,0
154,19,7,153,1,0,0,0,0,0,1,0,0
130,13,2,124,3,2,1,0,0,7,1,0,0
113,12,5,111,2,0,0,0,0,4,1,0,0
77,4,2,77,0,0,0,0,0,23,1,0,0
119,8,2,113,5,1,0,0,0,0,0,0,1
182,2,21,180,2,0,0,0,0,23,1,0,0
155,1,4,148,4,0,0,3,0,20,1,0,0
38,7,1,38,0,0,0,0,0,23,0,0,1
218,2,5,214,0,0,0,4,0,5,1,0,0
266,9,1,237,1,0,0,28,0,22,1,0,0
164,2,13,150,8,0,1,5,0,8,1,0,0
73,1,17,66,4,0,0,3,0,20,1,0,0
654,1,50,617,32,0,0,5,0,2,1,0,0
495,9,227,443,42,0,0,10,0,12,1,0,0
476,3,212,452,16,0,0,8,0,0,1,0,0
77,1,38,76,1,0,0,0,0,10,0,1,0
295,3,10,243,1,0,0,51,0,0,1,0,0
95,1,2,73,1,0,0,21,0,7,1,0,0
132,10,1,124,5,1,0,2,0,9,1,0,0
296,80,5,242,44,5,3,1,1,6,0,0,1
169,34,1,148,17,4,0,0,0,1,0,0,1
60,8,4,58,2,0,0,0,0,2,0,1,0
109,5,1,104,5,0,0,0,0,1,0,0,1
46,3,1,44,2,0,0,0,0,2,0,0,0
93,14,4,89,4,0,0,0,0,5,0,0,1
164,17,1,156,7,1,0,0,0,3,1,0,0
33,4,4,31,1,1,0,0,0,23,0,0,0
153,19,1,147,3,2,1,0,0,0,1,0,0
173,1,58,172,0,0,0,1,0,22,1,0,0
168,1,1,160,6,2,0,0,0,5,1,0,0
51,10,1,51,0,0,0,0,0,3,0,0,1
198,4,6,193,4,0,1,0,0,8,1,0,0
44,3,7,44,0,0,0,0,0,23,0,0,1
43,4,12,41,1,1,0,0,0,23,0,0,1
105,3,3,101,3,1,0,0,0,4,1,0,0
272,5,4,265,4,3,0,0,0,7,1,0,0
148,9,6,143,2,3,0,0,0,1,1,0,0
91,13,14,86,2,3,0,0,0,9,1,0,0
188,26,3,166,19,1,2,0,0,21,0,0,1
122,18,20,120,1,1,0,0,0,2,1,0,0
105,4,1,102,2,1,0,0,0,22,1,0,0
87,1,1,83,2,2,0,0,0,9,0,0,1
50,1,1,49,1,0,0,0,0,0,1,0,0
105,8,2,97,7,0,1,0,0,7,0,0,1
89,4,1,84,5,0,0,0,0,5,0,0,1
101,1,2,98,2,1,0,0,0,4,1,0,0
90,4,1,88,1,0,0,1,0,4,1,0,0
126,6,2,120,5,1,0,0,0,9,1,0,0
441,31,2,423,13,2,3,0,0,22,1,0,0
302,186,3,244,50,2,4,1,1,7,0,0,1
185,40,2,171,12,2,0,0,0,0,0,0,1
177,7,1,173,2,2,0,0,0,8,1,0,0
309,102,1,260,43,5,1,0,0,9,0,0,1
326,2,1,319,7,0,0,0,0,8,1,0,0
199,8,1,193,4,1,1,0,0,23,1,0,0
226,93,3,203,20,3,0,0,0,6,0,0,1
63,11,1,61,2,0,0,0,0,22,0,0,0
185,3,1,178,6,1,0,0,0,4,1,0,0
198,30,3,152,42,0,3,0,1,2,0,0,1
126,4,1,122,3,1,0,0,0,2,1,0,0
120,1,1,117,3,0,0,0,0,2,1,0,0
248,52,1,206,39,2,0,0,1,22,0,0,1
178,14,1,173,3,2,0,0,0,6,1,0,0
170,3,17,169,1,0,0,0,0,12,1,0,0
53,3,1,52,1,0,0,0,0,22,0,1,0
320,6,60,318,2,0,0,0,0,9,1,0,0
336,154,111,328,4,3,1,0,0,6,1,0,0
54,2,4,54,0,0,0,0,0,10,1,0,0
124,13,2,122,0,2,0,0,0,3,1,0,0
220,52,1,193,25,0,1,1,0,10,0,0,1
150,2,1,146,4,0,0,0,0,9,0,1,0
223,1,1,219,4,0,0,0,0,9,1,0,0
102,1,1,101,1,0,0,0,0,23,1,0,0
334,13,1,332,2,0,0,0,0,3,1,0,0
354,184,1,306,44,0,3,0,1,1,0,0,1
367,11,3,346,0,21,0,0,0,8,1,0,0
72,3,27,72,0,0,0,0,0,21,1,0,0
59,16,1,59,0,0,0,0,0,2,0,1,0
113,1,32,113,0,0,0,0,0,8,0,1,0
230,62,8,207,19,3,1,0,0,21,0,0,1
69,15,2,68,1,0,0,0,0,23,1,0,0
96,18,1,96,0,0,0,0,0,12,1,0,0
111,19,2,110,1,0,0,0,0,6,1,0,0
89,20,1,87,2,0,0,0,0,2,1,0,0
63,18,2,61,2,0,0,0,0,22,1,0,0
83,24,3,83,0,0,0,0,0,22,0,1,0
141,24,2,140,0,1,0,0,0,1,1,0,0
124,21,1,119,2,3,0,0,0,4,1,0,0
107,16,1,106,1,0,0,0,0,2,1,0,0
264,27,3,264,0,0,0,0,0,23,1,0,0
48,4,4,48,0,0,0,0,0,10,0,0,0
360,131,5,292,60,1,5,1,1,10,0,0,1
165,15,1,165,0,0,0,0,0,1,1,0,0
130,19,2,128,2,0,0,0,0,19,1,0,0
68,16,3,68,0,0,0,0,0,5,1,0,0
99,14,1,99,0,0,0,0,0,21,1,0,0
70,21,1,70,0,0,0,0,0,8,1,0,0
66,14,1,65,1,0,0,0,0,8,1,0,0
81,14,1,80,0,1,0,0,0,8,1,0,0
39,5,1,39,0,0,0,0,0,3,0,0,1
171,78,3,167,4,0,0,0,0,3,0,0,1
136,44,1,131,3,1,1,0,0,2,0,0,1
231,30,5,227,1,3,0,0,0,4,1,0,0
86,14,1,85,1,0,0,0,0,4,1,0,0
165,89,1,162,2,1,0,0,0,3,0,0,1
200,18,1,197,1,2,0,0,0,4,1,0,0
180,15,1,178,1,1,0,0,0,4,1,0,0
157,124,1,157,0,0,0,0,0,3,0,0,1
188,242,6,187,1,0,0,0,0,9,0,0,1
43,4,1,43,0,0,0,0,0,2,0,0,0
119,31,2,119,0,0,0,0,0,6,0,0,1
358,10,3,354,0,4,0,0,0,23,1,0,0
180,84,4,171,8,1,0,0,0,1,0,0,1
227,173,1,223,2,1,1,0,0,9,0,0,1
131,39,1,130,1,0,0,0,0,8,0,0,1
325,13,1,322,3,0,0,0,0,5,1,0,0
113,2,1,113,0,0,0,0,0,5,0,0,1
102,13,1,102,0,0,0,0,0,5,0,0,1
70,10,2,68,0,2,0,0,0,10,0,0,1
177,145,3,176,0,1,0,0,0,10,0,0,1
117,18,1,116,1,0,0,0,0,9,0,0,1
238,41,3,234,3,1,0,0,0,11,0,0,1
350,389,6,342,7,1,0,0,0,8,0,0,1
323,407,8,307,12,4,0,0,0,8,0,0,1
487,93,13,472,9,5,1,0,0,8,0,0,1
59,6,5,59,0,0,0,0,0,22,0,0,0
90,13,1,90,0,0,0,0,0,5,1,0,0
22,2,1,22,0,0,0,0,0,1,0,0,1
87,1,4,83,2,2,0,0,0,3,0,1,0
348,3,2,345,2,1,0,0,0,21,1,0,0
292,10,1,285,5,2,0,0,0,20,1,0,0
251,20,4,248,2,1,0,0,0,6,1,0,0
40,2,4,39,1,0,0,0,0,4,0,0,1
56,9,1,56,0,0,0,0,0,2,0,1,0
147,2,17,144,2,1,0,0,0,12,1,0,0
231,5,1,220,7,4,0,0,0,4,1,0,0
71,6,2,71,0,0,0,0,0,0,0,0,1
68,3,3,63,3,0,2,0,0,22,0,0,1
74,9,6,74,0,0,0,0,0,4,0,0,1
249,10,1,249,0,0,0,0,0,4,1,0,0
57,9,3,57,0,0,0,0,0,3,0,0,1
279,18,2,279,0,0,0,0,0,23,1,0,0
68,13,1,68,0,0,0,0,0,1,0,1,0
73,19,2,73,0,0,0,0,0,2,0,1,0
44,9,4,44,0,0,0,0,0,22,0,0,1
66,2,1,66,0,0,0,0,0,1,1,0,0
246,5,1,246,0,0,0,0,0,5,1,0,0
263,19,2,263,0,0,0,0,0,6,1,0,0
216,16,2,216,0,0,0,0,0,4,1,0,0
271,37,1,271,0,0,0,0,0,3,1,0,0
182,1,16,182,0,0,0,0,0,1,1,0,0
192,26,2,192,0,0,0,0,0,3,1,0,0
130,19,1,130,0,0,0,0,0,3,1,0,0
385,16,191,385,0,0,0,0,0,1,1,0,0
108,16,2,108,0,0,0,0,0,22,1,0,0
176,4,1,176,0,0,0,0,0,2,1,0,0
246,13,1,246,0,0,0,0,0,2,1,0,0
318,7,1,318,0,0,0,0,0,8,1,0,0
370,16,1,370,0,0,0,0,0,6,1,0,0
212,11,3,212,0,0,0,0,0,4,1,0,0
184,3,1,184,0,0,0,0,0,22,1,0,0
246,9,2,246,0,0,0,0,0,6,1,0,0
189,13,1,189,0,0,0,0,0,6,1,0,0
136,5,1,136,0,0,0,0,0,9,1,0,0
376,18,16,376,0,0,0,0,0,8,0,1,0
68,9,1,68,0,0,0,0,0,6,0,1,0
142,2,2,142,0,0,0,0,0,7,0,1,0
106,12,2,106,0,0,0,0,0,2,0,1,0
1052,12,7,1052,0,0,0,0,0,8,0,1,0
1014,14,2,1014,0,0,0,0,0,22,0,1,0
951,13,1,951,0,0,0,0,0,2,0,1,0
987,13,1,987,0,0,0,0,0,7,0,1,0
945,9,2,945,0,0,0,0,0,3,0,1,0
950,8,3,950,0,0,0,0,0,5,0,1,0
991,10,1,991,0,0,0,0,0,6,0,1,0
1251,17,1,1251,0,0,0,0,0,1,0,1,0
1244,13,1,1244,0,0,0,0,0,4,0,1,0
954,6,1,954,0,0,0,0,0,9,1,0,0
1143,154,64,1143,0,0,0,0,0,3,1,0,0
1218,12,1,1218,0,0,0,0,0,23,0,1,0
1259,211,78,1259,0,0,0,0,0,2,0,1,0
1164,222,72,1164,0,0,0,0,0,1,0,1,0
1029,11,1,1029,0,0,0,0,0,0,1,0,0
1197,12,5,1197,0,0,0,0,0,3,0,0,1
951,6,1,951,0,0,0,0,0,2,0,0,1
121,14,11,121,0,0,0,0,0,0,0,0,1
1069,20,3,1069,0,0,0,0,0,1,1,0,0
1077,21,3,1077,0,0,0,0,0,4,1,0,0
1188,14,1,1188,0,0,0,0,0,22,1,0,0
1081,15,2,1081,0,0,0,0,0,21,0,1,0
1092,17,23,1092,0,0,0,0,0,1,0,0,1
1172,199,62,1172,0,0,0,0,0,1,0,1,0
1128,10,8,1128,0,0,0,0,0,4,1,0,0
1125,363,122,1125,0,0,0,0,0,0,1,0,0
1231,27,1,1231,0,0,0,0,0,23,1,0,0
1140,297,92,1140,0,0,0,0,0,3,1,0,0
1191,22,2,1191,0,0,0,0,0,8,1,0,0
55,2,9,55,0,0,0,0,0,9,0,0,1
270,14,37,270,0,0,0,0,0,1,0,0,1
380,24,3,380,0,0,0,0,0,0,1,0,0
1169,3,26,1169,0,0,0,0,0,20,0,0,0
1103,24,18,1103,0,0,0,0,0,3,0,0,1
1159,32,4,1159,0,0,0,0,0,22,1,0,0
1010,14,4,1010,0,0,0,0,0,7,0,0,0
1182,29,5,1182,0,0,0,0,0,12,1,0,0
1193,38,5,1193,0,0,0,0,0,3,1,0,0
1272,7,1,1272,0,0,0,0,0,13,1,0,0
1126,66,6,1126,0,0,0,0,0,22,1,0,0
1246,41,3,1246,0,0,0,0,0,9,1,0,0
1282,35,4,1282,0,0,0,0,0,4,1,0,0
1253,42,6,1253,0,0,0,0,0,3,1,0,0
1132,16,8,1132,0,0,0,0,0,22,0,0,0
1204,9,5,1204,0,0,0,0,0,23,0,0,1
1212,7,1,1212,0,0,0,0,0,9,0,0,0
1277,14,29,1277,0,0,0,0,0,0,0,0,1
98,3,1,98,0,0,0,0,0,23,0,1,0
1253,13,4,1253,0,0,0,0,0,5,1,0,0
1300,18,1,1300,0,0,0,0,0,5,1,0,0
366,28,5,366,0,0,0,0,0,2,1,0,0
1294,23,47,1294,0,0,0,0,0,3,0,0,1
1078,131,50,1078,0,0,0,0,0,9,0,0,1
413,29,3,413,0,0,0,0,0,23,1,0,0
1077,243,65,1077,0,0,0,0,0,6,0,0,1
860,196,64,860,0,0,0,0,0,5,0,0,1
748,38,12,748,0,0,0,0,0,7,0,0,1
1053,5,1,1053,0,0,0,0,0,5,0,0,1
147,4,1,147,0,0,0,0,0,12,0,0,1
357,7,1,357,0,0,0,0,0,1,0,0,1
1211,84,8,1211,0,0,0,0,0,3,0,0,1
323,12,1,323,0,0,0,0,0,21,0,0,1
774,25,7,774,0,0,0,0,0,9,0,0,1
1058,29,12,1058,0,0,0,0,0,2,0,0,1
230,4,1,230,0,0,0,0,0,8,0,0,1
1204,23,13,1204,0,0,0,0,0,5,0,0,1
375,15,1,375,0,0,0,0,0,11,0,0,1
435,9,1,435,0,0,0,0,0,3,0,0,1
572,6,2,572,0,0,0,0,0,23,0,0,1
532,19,1,532,0,0,0,0,0,6,0,0,1
471,10,1,471,0,0,0,0,0,0,0,0,1
640,31,2,640,0,0,0,0,0,10,0,0,1
376,3,20,376,0,0,0,0,0,1,1,0,0
591,41,2,591,0,0,0,0,0,7,0,0,1
519,17,7,519,0,0,0,0,0,5,0,0,1
287,5,1,287,0,0,0,0,0,7,0,0,1
543,17,11,543,0,0,0,0,0,7,0,0,1
653,19,3,653,0,0,0,0,0,6,0,0,1
404,6,7,404,0,0,0,0,0,9,0,0,1
345,7,1,345,0,0,0,0,0,10,0,0,1
227,11,7,227,0,0,0,0,0,10,0,0,1
748,40,4,748,0,0,0,0,0,4,0,0,1
406,3,2,406,0,0,0,0,0,11,0,0,1
548,36,5,548,0,0,0,0,0,5,0,0,1
641,14,2,641,0,0,0,0,0,1,0,0,1
489,13,1,489,0,0,0,0,0,10,0,0,1
187,12,1,187,0,0,0,0,0,9,0,0,1
893,23,2,893,0,0,0,0,0,5,0,0,1
406,18,8,406,0,0,0,0,0,14,0,0,1
329,10,1,329,0,0,0,0,0,13,0,0,1
525,14,1,525,0,0,0,0,0,0,0,0,1
615,20,4,615,0,0,0,0,0,23,0,0,1
742,10,1,742,0,0,0,0,0,4,0,0,1
596,17,1,596,0,0,0,0,0,4,0,0,1
1230,31,2,1230,0,0,0,0,0,3,0,0,1
758,24,3,758,0,0,0,0,0,5,0,0,1
322,9,12,322,0,0,0,0,0,13,0,0,1
924,22,6,924,0,0,0,0,0,6,0,0,1
537,16,1,537,0,0,0,0,0,5,1,0,0
442,17,11,442,0,0,0,0,0,5,0,0,1
699,10,2,699,0,0,0,0,0,23,0,0,1
332,3,2,332,0,0,0,0,0,6,0,0,1
972,16,2,972,0,0,0,0,0,1,0,0,1
493,14,2,493,0,0,0,0,0,9,0,0,1
665,9,1,665,0,0,0,0,0,7,0,0,1
562,5,1,562,0,0,0,0,0,1,0,0,1
767,26,2,767,0,0,0,0,0,23,0,0,1
722,9,1,722,0,0,0,0,0,5,0,0,1
637,8,1,637,0,0,0,0,0,9,0,0,1
108,6,2,108,0,0,0,0,0,6,0,0,1
685,10,2,685,0,0,0,0,0,5,0,0,1
371,3,1,371,0,0,0,0,0,23,0,0,1
973,8,1,973,0,0,0,0,0,23,0,0,1
778,24,2,778,0,0,0,0,0,10,0,0,1
493,17,1,493,0,0,0,0,0,8,0,0,1
306,7,1,306,0,0,0,0,0,23,0,0,1
405,6,1,405,0,0,0,0,0,11,0,0,1
426,9,2,426,0,0,0,0,0,5,0,0,1
880,24,1,880,0,0,0,0,0,10,0,0,1
461,17,1,461,0,0,0,0,0,5,0,0,1
589,18,1,589,0,0,0,0,0,10,0,0,1
849,25,1,849,0,0,0,0,0,5,0,0,1
109,6,3,109,0,0,0,0,0,12,0,0,1
413,7,2,413,0,0,0,0,0,6,0,0,1
399,34,4,399,0,0,0,0,0,5,0,0,1
714,46,5,714,0,0,0,0,0,1,0,0,1
576,17,3,576,0,0,0,0,0,23,0,0,1
621,16,8,621,0,0,0,0,0,18,0,0,1
603,13,1,603,0,0,0,0,0,0,0,0,1
327,6,6,327,0,0,0,0,0,14,0,0,1
505,21,11,505,0,0,0,0,0,12,0,0,1
514,10,2,514,0,0,0,0,0,5,0,0,1
906,22,3,906,0,0,0,0,0,0,0,0,1
800,26,2,800,0,0,0,0,0,0,0,0,1
715,18,6,715,0,0,0,0,0,5,0,0,1
969,46,4,969,0,0,0,0,0,14,0,0,1
489,23,11,489,0,0,0,0,0,11,0,0,1
294,25,3,294,0,0,0,0,0,1,0,0,1
321,12,2,321,0,0,0,0,0,5,0,0,1
246,17,1,246,0,0,0,0,0,3,0,0,1
981,32,6,981,0,0,0,0,0,4,0,0,1
425,5,1,425,0,0,0,0,0,6,0,0,1
396,30,1,396,0,0,0,0,0,12,0,0,1
199,6,1,199,0,0,0,0,0,6,0,0,1
421,10,2,421,0,0,0,0,0,23,0,0,1
479,18,1,479,0,0,0,0,0,0,0,0,1
107,1,2,107,0,0,0,0,0,7,0,0,1
799,31,4,799,0,0,0,0,0,12,0,0,1
157,9,3,157,0,0,0,0,0,10,0,0,1
358,19,1,358,0,0,0,0,0,7,0,0,1
328,21,5,328,0,0,0,0,0,23,0,0,1
202,10,1,202,0,0,0,0,0,14,0,0,1
249,7,1,249,0,0,0,0,0,13,0,0,1
460,31,1,460,0,0,0,0,0,9,0,0,1
101,2,1,101,0,0,0,0,0,23,0,0,1
271,3,1,271,0,0,0,0,0,23,0,0,1
126,5,2,126,0,0,0,0,0,10,0,0,1
100,1,1,100,0,0,0,0,0,9,1,0,0
223,3,1,223,0,0,0,0,0,0,0,0,1
1190,12,1,1190,0,0,0,0,0,1,0,0,1
360,23,2,360,0,0,0,0,0,8,0,0,1
638,34,9,638,0,0,0,0,0,10,0,0,1
95,9,3,95,0,0,0,0,0,23,0,0,1
71,2,1,71,0,0,0,0,0,23,1,0,0
506,44,7,506,0,0,0,0,0,1,0,0,1
203,3,1,203,0,0,0,0,0,22,0,0,1
277,52,2,277,0,0,0,0,0,21,1,0,0
178,10,1,178,0,0,0,0,0,10,0,0,1
250,7,6,250,0,0,0,0,0,9,0,0,1
110,12,3,110,0,0,0,0,0,11,0,0,1
147,13,2,147,0,0,0,0,0,10,0,0,1
686,53,3,686,0,0,0,0,0,9,0,0,1
351,5,2,351,0,0,0,0,0,5,0,0,1
215,12,1,215,0,0,0,0,0,1,0,0,1
100,6,6,100,0,0,0,0,0,10,0,0,1
131,1,1,131,0,0,0,0,0,10,0,0,1
560,22,12,560,0,0,0,0,0,6,0,0,1
374,9,16,374,0,0,0,0,0,2,0,0,1
559,22,7,559,0,0,0,0,0,23,0,0,1
169,6,5,169,0,0,0,0,0,10,0,0,1
473,9,9,473,0,0,0,0,0,7,0,0,1
58,2,4,58,0,0,0,0,0,7,0,0,1
164,4,9,164,0,0,0,0,0,7,0,0,1
614,24,21,614,0,0,0,0,0,5,0,0,1
211,2,4,211,0,0,0,0,0,3,0,0,1
129,9,3,129,0,0,0,0,0,3,0,0,1
155,5,9,155,0,0,0,0,0,3,0,0,1
438,14,19,438,0,0,0,0,0,3,0,0,1
304,20,24,304,0,0,0,0,0,23,0,0,1
116,2,10,116,0,0,0,0,0,23,0,0,1
135,1,2,135,0,0,0,0,0,8,0,0,1
55,4,4,55,0,0,0,0,0,8,1,0,0
133,17,5,133,0,0,0,0,0,3,0,0,1
91,6,6,91,0,0,0,0,0,12,0,0,1
243,5,5,243,0,0,0,0,0,11,0,0,1
141,1,1,141,0,0,0,0,0,11,0,0,1
65,2,4,65,0,0,0,0,0,10,0,0,1
177,14,4,177,0,0,0,0,0,11,0,0,1
89,17,1,89,0,0,0,0,0,21,0,0,1
52,5,3,52,0,0,0,0,0,9,0,0,1
52,5,3,52,0,0,0,0,0,9,0,0,1
1201,86,3,1201,0,0,0,0,0,12,0,0,1
1145,22,4,1145,0,0,0,0,0,11,0,0,1
107,5,5,107,0,0,0,0,0,11,0,0,1
160,8,3,160,0,0,0,0,0,21,0,0,1
197,20,2,197,0,0,0,0,0,7,0,0,1
88,11,1,88,0,0,0,0,0,2,0,0,1
73,4,7,73,0,0,0,0,0,20,1,0,0
190,6,1,190,0,0,0,0,0,1,0,0,1
386,15,14,386,0,0,0,0,0,8,0,0,1
273,35,2,273,0,0,0,0,0,22,0,0,1
87,25,4,87,0,0,0,0,0,12,0,0,1
240,30,2,240,0,0,0,0,0,0,0,0,1
23,7,16,23,0,0,0,0,0,10,0,0,1
74,15,1,74,0,0,0,0,0,7,1,0,0
65,2,10,65,0,0,0,0,0,0,1,0,0
137,3,1,137,0,0,0,0,0,2,0,0,1
537,16,1,537,0,0,0,0,0,0,1,0,0
57,5,1,57,0,0,0,0,0,23,1,0,0
24,2,2,24,0,0,0,0,0,22,1,0,0
38,4,1,38,0,0,0,0,0,11,1,0,0
14,1,1,14,0,0,0,0,0,6,1,0,0
90,10,4,90,0,0,0,0,0,6,1,0,0
97,5,1,97,0,0,0,0,0,7,1,0,0
51,1,1,51,0,0,0,0,0,0,1,0,0
92,10,1,92,0,0,0,0,0,9,1,0,0
78,5,1,78,0,0,0,0,0,1,1,0,0
66,10,1,66,0,0,0,0,0,23,1,0,0
54,6,2,54,0,0,0,0,0,22,1,0,0
74,5,1,74,0,0,0,0,0,7,1,0,0
79,7,1,79,0,0,0,0,0,7,1,0,0
104,3,1,104,0,0,0,0,0,2,1,0,0
12,1,2,12,0,0,0,0,0,10,1,0,0
28,4,1,28,0,0,0,0,0,0,1,0,0
49,2,2,49,0,0,0,0,0,8,1,0,0
58,6,1,58,0,0,0,0,0,23,1,0,0
62,2,1,62,0,0,0,0,0,6,1,0,0
8,1,1,8,0,0,0,0,0,17,1,0,0
5,1,1,5,0,0,0,0,0,15,1,0,0
3,1,2,3,0,0,0,0,0,0,1,0,0
78,4,35,78,0,0,0,0,0,22,1,0,0
57,9,1,57,0,0,0,0,0,13,1,0,0
5,4,1,5,0,0,0,0,0,6,1,0,0
41,19,11,41,0,0,0,0,0,1,0,1,0
7,1,2,7,0,0,0,0,0,0,1,0,0
71,2,7,71,0,0,0,0,0,10,1,0,0
55,8,5,55,0,0,0,0,0,0,1,0,0
46,3,1,46,0,0,0,0,0,12,1,0,0
5,2,2,5,0,0,0,0,0,10,1,0,0
100,28,1,100,0,0,0,0,0,9,1,0,0
3,2,2,3,0,0,0,0,0,11,1,0,0
42,16,11,42,0,0,0,0,0,23,1,0,0
3,2,2,3,0,0,0,0,0,21,1,0,0
64,2,1,64,0,0,0,0,0,3,1,0,0
40,9,2,40,0,0,0,0,0,7,1,0,0
67,6,7,67,0,0,0,0,0,2,1,0,0
26,1,1,26,0,0,0,0,0,6,1,0,0
24,4,1,24,0,0,0,0,0,5,1,0,0
65,3,1,65,0,0,0,0,0,8,1,0,0
5,2,2,5,0,0,0,0,0,11,1,0,0
27,11,1,27,0,0,0,0,0,22,1,0,0
12,3,1,12,0,0,0,0,0,6,1,0,0
89,28,1,89,0,0,0,0,0,2,1,0,0
32,4,5,32,0,0,0,0,0,0,1,0,0
14,5,2,14,0,0,0,0,0,9,1,0,0
30,23,4,30,0,0,0,0,0,9,0,1,0
25,3,1,25,0,0,0,0,0,2,1,0,0
5,1,1,5,0,0,0,0,0,9,1,0,0
43,17,1,43,0,0,0,0,0,8,1,0,0
16,1,1,16,0,0,0,0,0,2,1,0,0
23,5,1,23,0,0,0,0,0,8,1,0,0
13,9,1,13,0,0,0,0,0,4,1,0,0
32,13,1,32,0,0,0,0,0,4,1,0,0
24,12,3,24,0,0,0,0,0,12,1,0,0
29,7,5,29,0,0,0,0,0,1,1,0,0
62,25,1,62,0,0,0,0,0,5,1,0,0
32,9,1,32,0,0,0,0,0,10,1,0,0
34,11,1,34,0,0,0,0,0,9,1,0,0
16,10,2,16,0,0,0,0,0,3,1,0,0
14,3,9,14,0,0,0,0,0,6,1,0,0
13,2,2,13,0,0,0,0,0,1,1,0,0
25,9,1,25,0,0,0,0,0,4,1,0,0
11,1,1,11,0,0,0,0,0,2,1,0,0
14,2,1,14,0,0,0,0,0,2,1,0,0
27,18,1,27,0,0,0,0,0,10,1,0,0
28,1,1,28,0,0,0,0,0,10,1,0,0
14,1,2,14,0,0,0,0,0,22,1,0,0
22,10,13,22,0,0,0,0,0,22,1,0,0
21,5,1,21,0,0,0,0,0,0,1,0,0
19,1,3,19,0,0,0,0,0,23,1,0,0
24,2,2,24,0,0,0,0,0,9,1,0,0
19,17,1,19,0,0,0,0,0,6,1,0,0
17,2,2,17,0,0,0,0,0,23,1,0,0
23,2,2,23,0,0,0,0,0,12,1,0,0
35,9,1,35,0,0,0,0,0,3,1,0,0
16,5,1,16,0,0,0,0,0,11,1,0,0
14,8,2,14,0,0,0,0,0,22,1,0,0
21,12,1,21,0,0,0,0,0,22,1,0,0
22,12,2,22,0,0,0,0,0,10,1,0,0
27,9,6,27,0,0,0,0,0,10,1,0,0
21,22,1,21,0,0,0,0,0,8,1,0,0
17,25,2,17,0,0,0,0,0,8,1,0,0
21,6,1,21,0,0,0,0,0,9,1,0,0
29,5,3,29,0,0,0,0,0,2,1,0,0
26,13,1,26,0,0,0,0,0,9,1,0,0
22,4,1,22,0,0,0,0,0,7,1,0,0
15,7,1,15,0,0,0,0,0,7,1,0,0
13,1,1,13,0,0,0,0,0,21,1,0,0
32,7,1,32,0,0,0,0,0,2,1,0,0
38,6,1,38,0,0,0,0,0,23,1,0,0
37,7,2,37,0,0,0,0,0,9,1,0,0
22,5,1,22,0,0,0,0,0,23,1,0,0
36,18,1,36,0,0,0,0,0,8,1,0,0
30,4,1,30,0,0,0,0,0,1,1,0,0
29,10,2,29,0,0,0,0,0,23,1,0,0
48,17,2,48,0,0,0,0,0,8,1,0,0
19,17,3,19,0,0,0,0,0,3,1,0,0
227,1222,226,182,41,2,1,1,0,1,0,0,1
94,1,1,91,1,2,0,0,0,5,1,0,0
72,1,1,72,0,0,0,0,0,1,1,0,0
209,553,152,177,30,0,0,1,1,1,0,0,1
576,25,7,560,13,3,0,0,0,8,1,0,0
210,816,246,152,55,0,3,0,0,2,0,0,1
76,1,1,75,1,0,0,0,0,5,0,1,0
191,612,201,149,41,0,0,1,0,23,0,0,1
209,457,155,169,39,0,0,0,1,22,0,0,1
227,18,2,213,6,7,1,0,0,0,1,0,0
197,540,261,170,27,0,0,0,0,22,0,0,1
354,10,2,342,8,4,0,0,0,8,1,0,0
44,1,1,44,0,0,0,0,0,4,1,0,0
236,785,145,193,40,2,1,0,0,1,0,0,1
464,51,4,453,9,2,0,0,0,6,1,0,0
91,4,3,90,1,0,0,0,0,6,1,0,0
46,2,2,44,1,1,0,0,0,4,1,0,0
113,11,1,113,0,0,0,0,0,22,0,1,0
332,21,6,319,7,6,0,0,0,3,1,0,0
56,4,2,55,1,0,0,0,0,8,1,0,0
72,13,1,69,3,0,0,0,0,3,1,0,0
56,3,12,54,2,0,0,0,0,8,1,0,0
71,10,49,68,1,2,0,0,0,0,1,0,0
76,3,15,74,1,1,0,0,0,7,1,0,0
69,11,69,65,2,1,0,1,0,0,1,0,0
58,5,70,57,1,0,0,0,0,23,1,0,0
29,1,1,27,2,0,0,0,0,23,1,0,0
48,3,54,47,1,0,0,0,0,22,1,0,0
16,3,1,16,0,0,0,0,0,0,1,0,0
219,694,173,179,39,0,1,0,0,21,0,0,1
280,1060,223,232,48,0,0,0,0,22,0,0,1
243,7,3,240,2,1,0,0,0,8,1,0,0
84,3,2,83,1,0,0,0,0,1,1,0,0
303,904,177,237,63,1,2,0,0,22,0,0,1
174,66,1,173,1,0,0,0,0,5,1,0,0
81,4,2,79,2,0,0,0,0,0,1,0,0
62,1,1,61,1,0,0,0,0,3,1,0,0
318,2,4,316,2,0,0,0,0,3,1,0,0
43,1,2,41,2,0,0,0,0,3,1,0,0
80,2,1,79,1,0,0,0,0,2,1,0,0
133,9,2,130,3,0,0,0,0,2,1,0,0
328,1094,235,274,51,1,2,0,0,21,0,0,1
19,2,1,19,0,0,0,0,0,0,1,0,0
185,996,232,111,74,0,0,0,0,23,0,0,1
71,2,1,70,1,0,0,0,0,3,1,0,0
151,9,1,142,6,3,0,0,0,5,1,0,0
89,4,1,86,3,0,0,0,0,2,1,0,0
242,715,242,193,49,0,0,0,0,0,0,0,1
156,6,2,150,1,5,0,0,0,8,1,0,0
511,19,36,501,9,1,0,0,0,9,1,0,0
138,3,7,138,0,0,0,0,0,21,1,0,0
339,1019,168,262,72,1,2,1,1,23,0,0,1
353,891,168,281,67,1,3,1,0,22,0,0,1
84,6,1,82,2,0,0,0,0,9,1,0,0
70,5,1,69,0,1,0,0,0,6,1,0,0
148,15,1,140,2,6,0,0,0,7,1,0,0
52,26,1,52,0,0,0,0,0,20,0,0,0
71,59,2,70,1,0,0,0,0,8,0,1,0
8,3,1,8,0,0,0,0,0,3,1,0,0
211,859,109,169,34,4,1,2,1,2,0,0,1
247,828,174,182,55,0,5,5,0,23,0,0,1
117,98,1,117,0,0,0,0,0,21,0,1,0
210,1,9,206,3,1,0,0,0,8,1,0,0
114,1,1,112,0,2,0,0,0,8,1,0,0
231,461,74,180,50,0,1,0,0,4,0,0,1
598,37,10,586,9,3,0,0,0,5,1,0,0
85,6,1,85,0,0,0,0,0,2,1,0,0
358,1268,186,280,73,1,3,1,0,0,0,0,1
513,11,34,503,9,1,0,0,0,8,1,0,0
166,20,2,159,1,6,0,0,0,22,1,0,0
404,1129,150,328,68,4,4,0,0,1,0,0,1
111,1,2,110,1,0,0,0,0,8,1,0,0
43,4,1,41,2,0,0,0,0,8,1,0,0
423,16,1,402,11,10,0,0,0,5,1,0,0
471,13,23,464,4,3,0,0,0,7,1,0,0
107,7,2,104,2,1,0,0,0,9,1,0,0
141,3,1,136,3,2,0,0,0,8,1,0,0
637,3,6,625,11,1,0,0,0,18,1,0,0
85,25,1,81,1,3,0,0,0,2,1,0,0
885,32,10,876,4,5,0,0,0,22,0,1,0
690,33,21,670,15,5,0,0,0,4,1,0,0
253,626,244,191,55,2,2,2,1,0,0,0,1
414,65,4,407,4,3,0,0,0,22,1,0,0
292,1214,180,207,77,2,3,2,1,22,0,0,1
29,2,4,27,1,1,0,0,0,7,1,0,0
298,974,140,220,74,2,1,1,0,1,0,0,1
296,86,1,294,1,1,0,0,0,22,1,0,0
54,2,1,53,1,0,0,0,0,19,1,0,0
112,34,1,112,0,0,0,0,0,1,1,0,0
50,4,1,49,1,0,0,0,0,1,1,0,0
20,1,1,20,0,0,0,0,0,3,1,0,0
371,1233,158,296,70,2,3,0,0,0,0,0,1
87,2,1,85,2,0,0,0,0,8,1,0,0
72,15,2,72,0,0,0,0,0,2,1,0,0
111,9,2,111,0,0,0,0,0,1,1,0,0
178,22,6,174,4,0,0,0,0,23,1,0,0
127,25,2,121,5,1,0,0,0,8,1,0,0
1026,55,7,1011,13,2,0,0,0,22,1,0,0
27,1,2,27,0,0,0,0,0,8,1,0,0
193,7,2,189,3,1,0,0,0,5,1,0,0
42,1,1,41,1,0,0,0,0,4,1,0,0
276,927,136,218,55,3,0,0,0,23,0,0,1
138,10,3,134,0,3,1,0,0,4,1,0,0
215,784,161,154,57,0,3,1,0,23,0,0,1
295,1066,254,212,79,0,3,0,1,23,0,0,1
52,3,2,52,0,0,0,0,0,2,1,0,0
79,13,2,79,0,0,0,0,0,0,1,0,0
26,1,3,25,1,0,0,0,0,23,1,0,0
263,892,187,205,57,1,0,0,0,2,0,0,1
101,43,3,99,1,0,0,1,0,3,1,0,0
45,5,1,44,0,0,1,0,0,0,1,0,0
43,12,1,43,0,0,0,0,0,2,1,0,0
302,794,243,225,70,5,1,0,1,22,0,0,1
85,8,3,85,0,0,0,0,0,9,1,0,0
45,2,3,45,0,0,0,0,0,9,1,0,0
45,7,3,44,1,0,0,0,0,5,1,0,0
29,2,1,29,0,0,0,0,0,2,1,0,0
94,6,2,90,3,1,0,0,0,1,1,0,0
316,15,2,309,4,3,0,0,0,1,1,0,0
176,5,1,168,1,0,7,0,0,23,1,0,0
94,25,2,93,1,0,0,0,0,9,1,0,0
98,61,2,98,0,0,0,0,0,4,1,0,0
14,3,2,14,0,0,0,0,0,3,1,0,0
16,1,1,16,0,0,0,0,0,1,1,0,0
397,998,274,295,94,4,4,0,0,22,0,0,1
873,16,21,830,35,7,1,0,0,2,1,0,0
190,60,1,186,3,1,0,0,0,23,1,0,0
166,1,26,154,0,12,0,0,0,2,0,0,1
21,1,2,21,0,0,0,0,0,2,1,0,0
214,2,28,172,0,0,40,2,0,21,1,0,0
103,7,2,102,0,1,0,0,0,8,1,0,0
134,7,3,128,3,3,0,0,0,1,1,0,0
317,8,1,313,3,1,0,0,0,3,1,0,0
140,44,5,138,2,0,0,0,0,0,1,0,0
33,1,2,32,1,0,0,0,0,7,1,0,0
107,21,1,105,1,1,0,0,0,6,1,0,0
154,13,3,146,4,4,0,0,0,22,1,0,0
112,2,1,111,1,0,0,0,0,8,1,0,0
357,7,16,349,6,2,0,0,0,1,1,0,0
1273,13,3,1242,24,6,1,0,0,2,1,0,0
955,63,5,936,9,10,0,0,0,2,1,0,0
277,1092,159,207,65,1,3,0,1,22,0,0,1
362,89,4,352,6,4,0,0,0,0,1,0,0
278,5,13,257,10,10,1,0,0,5,1,0,0
94,30,1,94,0,0,0,0,0,4,1,0,0
280,1043,149,195,65,16,3,0,1,22,0,0,1
235,16,2,232,3,0,0,0,0,5,1,0,0
92,14,1,89,3,0,0,0,0,3,1,0,0
149,18,2,140,4,5,0,0,0,23,1,0,0
384,60,4,364,13,6,1,0,0,2,1,0,0
72,3,1,72,0,0,0,0,0,3,0,1,0
609,18,14,604,2,3,0,0,0,21,0,1,0
241,4,32,216,1,0,24,0,0,21,1,0,0
187,10,2,185,2,0,0,0,0,8,1,0,0
216,679,191,160,52,2,2,0,0,0,0,0,1
122,25,1,121,1,0,0,0,0,8,1,0,0
114,13,2,111,1,2,0,0,0,2,1,0,0
19,1,1,19,0,0,0,0,0,1,1,0,0
255,926,181,142,108,0,5,0,0,22,0,0,1
230,32,7,222,7,1,0,0,0,23,1,0,0
12,1,1,11,1,0,0,0,0,8,1,0,0
35,1,1,35,0,0,0,0,0,8,1,0,0
124,20,3,122,2,0,0,0,0,8,1,0,0
5,1,1,5,0,0,0,0,0,7,1,0,0
149,19,2,148,1,0,0,0,0,3,1,0,0
24,1,1,24,0,0,0,0,0,2,1,0,0
201,66,5,197,1,3,0,0,0,11,1,0,0
14,3,1,13,1,0,0,0,0,9,1,0,0
51,1,1,50,0,1,0,0,0,8,1,0,0
14,5,1,14,0,0,0,0,0,3,1,0,0
271,20,2,263,8,0,0,0,0,23,0,1,0
51,1,6,49,1,1,0,0,0,6,1,0,0
58,2,26,54,1,0,3,0,0,5,1,0,0
22,5,1,22,0,0,0,0,0,2,1,0,0
228,16,1,223,4,1,0,0,0,2,1,0,0
186,7,1,169,17,0,0,0,0,8,0,1,0
81,13,2,79,0,0,0,2,0,20,1,0,0
17,3,1,17,0,0,0,0,0,15,1,0,0
88,11,2,85,2,1,0,0,0,4,1,0,0
241,54,5,238,3,0,0,0,0,23,1,0,0
35,1,1,35,0,0,0,0,0,4,1,0,0
362,87,5,357,1,4,0,0,0,2,1,0,0
300,1000,114,230,67,0,3,0,0,22,0,0,1
66,14,1,66,0,0,0,0,0,4,1,0,0
155,4,4,154,1,0,0,0,0,10,1,0,0
223,119,6,219,1,3,0,0,0,10,1,0,0
179,13,2,172,5,2,0,0,0,8,1,0,0
177,505,73,150,24,0,3,0,0,23,0,0,1
144,45,4,120,14,9,1,0,0,10,0,0,1
117,330,46,98,16,0,0,3,0,0,0,0,1
176,540,54,152,20,0,1,2,1,23,0,0,1
179,495,144,162,14,1,0,1,1,23,0,0,1
217,23,5,211,4,2,0,0,0,22,1,0,0
223,944,93,184,37,0,1,0,1,23,0,0,1
200,649,133,174,26,0,0,0,0,22,0,0,1
196,3,38,185,5,5,0,1,0,21,1,0,0
61,2,1,60,1,0,0,0,0,10,0,1,0
48,4,1,48,0,0,0,0,0,7,1,0,0
315,1086,157,252,58,3,2,0,0,22,0,0,1
82,1,1,79,3,0,0,0,0,22,0,0,1
137,508,89,92,44,0,1,0,0,22,0,0,1
99,4,4,98,1,0,0,0,0,0,1,0,0
304,677,108,247,53,1,2,0,1,0,0,0,1
135,1,1,134,1,0,0,0,0,22,0,0,1
170,657,56,129,41,0,0,0,0,22,0,0,1
230,517,86,193,36,1,0,0,0,22,0,0,1
233,60,6,225,8,0,0,0,0,21,1,0,0
316,15,5,313,0,3,0,0,0,3,1,0,0
70,6,1,65,2,1,2,0,0,9,1,0,0
252,504,89,215,35,2,0,0,0,22,0,0,1
278,583,72,223,53,2,0,0,0,3,0,0,1
15,4,2,15,0,0,0,0,0,22,1,0,0
99,5,2,95,2,2,0,0,0,2,1,0,0
10,1,1,10,0,0,0,0,0,2,1,0,0
267,516,73,211,52,3,0,1,0,1,0,0,1
9,7,1,7,1,0,0,1,0,7,1,0,0
384,1158,120,276,103,3,0,2,0,22,0,0,1
154,3,15,150,3,1,0,0,0,22,1,0,0
414,35,11,406,2,6,0,0,0,22,1,0,0
10,9,1,10,0,0,0,0,0,4,1,0,0
298,614,118,251,43,2,2,0,0,3,0,0,1
111,7,30,109,1,1,0,0,0,0,1,0,0
311,869,71,258,51,0,0,0,2,23,0,0,1
92,2,5,90,1,1,0,0,0,22,1,0,0
12,2,1,12,0,0,0,0,0,4,1,0,0
317,1215,74,269,41,4,2,1,0,22,0,0,1
89,5,46,89,0,0,0,0,0,23,1,0,0
296,869,58,252,39,2,2,1,0,1,0,0,1
74,5,1,67,3,4,0,0,0,3,1,0,0
63,1,36,62,1,0,0,0,0,22,1,0,0
60,2,59,60,0,0,0,0,0,21,1,0,0
105,2,2,102,0,3,0,0,0,6,1,0,0
35,1,2,35,0,0,0,0,0,6,1,0,0
18,2,1,18,0,0,0,0,0,6,1,0,0
82,4,19,82,0,0,0,0,0,4,1,0,0
33,6,1,33,0,0,0,0,0,3,1,0,0
219,7,2,212,6,1,0,0,0,22,1,0,0
54,6,1,52,0,2,0,0,0,1,1,0,0
194,551,92,162,32,0,0,0,0,22,0,0,1
637,50,3,578,38,21,0,0,0,4,1,0,0
247,810,224,207,38,1,1,0,0,1,0,0,1
65,8,2,62,3,0,0,0,0,3,1,0,0
292,579,176,241,48,0,3,0,0,1,0,0,1
356,50,3,345,10,1,0,0,0,7,1,0,0
75,3,1,74,0,0,1,0,0,5,1,0,0
11,1,1,11,0,0,0,0,0,4,1,0,0
63,8,2,63,0,0,0,0,0,1,1,0,0
17,3,1,17,0,0,0,0,0,1,1,0,0
153,11,4,148,2,3,0,0,0,3,1,0,0
225,17,3,212,11,2,0,0,0,5,1,0,0
4,7,1,4,0,0,0,0,0,5,1,0,0
183,14,1,179,4,0,0,0,0,23,1,0,0
117,12,6,114,2,1,0,0,0,9,1,0,0
45,4,1,44,1,0,0,0,0,21,1,0,0
96,5,1,92,3,1,0,0,0,10,1,0,0
144,3,16,144,0,0,0,0,0,2,0,0,0
157,43,1,148,7,2,0,0,0,7,1,0,0
134,11,8,127,5,2,0,0,0,5,1,0,0
16,1,1,16,0,0,0,0,0,2,1,0,0
395,205,2,376,11,8,0,0,0,10,1,0,0
303,714,52,241,58,3,1,0,0,3,0,0,1
98,12,2,91,1,5,0,1,0,2,1,0,0
76,34,2,76,0,0,0,0,0,0,1,0,0
50,3,2,48,2,0,0,0,0,22,1,0,0
36,3,1,34,2,0,0,0,0,4,1,0,0
166,17,2,164,2,0,0,0,0,23,1,0,0
96,3,1,96,0,0,0,0,0,20,1,0,0
12,1,1,12,0,0,0,0,0,8,1,0,0
394,97,5,378,5,11,0,0,0,21,1,0,0
6,1,1,6,0,0,0,0,0,4,1,0,0
141,13,3,137,4,0,0,0,0,1,0,1,0
167,63,8,167,0,0,0,0,0,23,1,0,0
40,2,2,39,0,1,0,0,0,12,1,0,0
30,3,2,30,0,0,0,0,0,11,1,0,0
148,15,2,140,3,5,0,0,0,23,1,0,0
245,351,41,194,42,0,3,5,1,4,0,0,1
249,7,3,241,5,2,1,0,0,2,1,0,0
265,708,33,190,70,1,4,0,0,2,0,0,1
90,26,1,86,2,2,0,0,0,2,1,0,0
124,24,1,119,4,0,0,1,0,0,0,1,0
326,970,63,260,62,2,2,0,0,23,0,0,1
234,9,23,214,12,1,7,0,0,22,1,0,0
274,605,45,213,53,2,4,2,0,0,0,0,1
151,19,2,147,2,2,0,0,0,22,1,0,0
8,2,1,8,0,0,0,0,0,5,1,0,0
46,3,6,40,0,5,0,0,1,4,1,0,0
42,2,1,41,1,0,0,0,0,3,1,0,0
76,5,1,74,1,1,0,0,0,1,1,0,0
28,6,1,27,0,1,0,0,0,1,1,0,0
299,955,88,235,59,1,4,0,0,21,0,0,1
91,12,1,87,3,1,0,0,0,21,1,0,0
12,3,1,9,2,0,0,1,0,5,1,0,0
206,438,96,174,31,1,0,0,0,0,0,0,1
259,799,85,190,67,1,1,0,0,22,0,0,1
300,965,72,234,64,0,2,0,0,0,0,0,1
120,37,2,118,2,0,0,0,0,0,1,0,0
46,3,1,46,0,0,0,0,0,23,1,0,0
18,3,2,18,0,0,0,0,0,23,1,0,0
36,3,2,36,0,0,0,0,0,23,1,0,0
8,2,2,8,0,0,0,0,0,22,1,0,0
72,4,8,71,1,0,0,0,0,2,1,0,0
230,622,81,193,35,1,1,0,0,23,0,0,1
231,939,117,191,38,0,0,2,0,4,0,0,1
276,744,75,217,55,0,3,1,0,23,0,0,1
301,1154,121,242,54,2,3,0,0,1,0,0,1
196,63,2,189,7,0,0,0,0,21,1,0,0
221,290,66,174,45,1,1,0,0,0,0,0,1
118,13,4,110,7,1,0,0,0,8,1,0,0
279,1034,95,216,61,0,1,0,1,23,0,0,1
136,27,4,132,3,1,0,0,0,22,1,0,0
97,1,67,94,0,3,0,0,0,4,1,0,0
72,4,3,72,0,0,0,0,0,7,1,0,0
113,45,2,110,1,1,0,1,0,22,1,0,0
37,2,3,35,1,1,0,0,0,8,1,0,0
265,637,63,218,46,0,0,1,0,1,0,0,1
419,233,6,403,6,10,0,0,0,0,1,0,0
66,5,1,65,1,0,0,0,0,7,1,0,0
57,5,1,56,1,0,0,0,0,9,1,0,0
264,1044,51,224,36,2,2,0,0,1,0,0,1
235,593,45,196,36,3,0,0,0,5,0,0,1
70,2,1,66,3,1,0,0,0,1,1,0,0
168,40,2,162,5,1,0,0,0,5,1,0,0
28,4,1,28,0,0,0,0,0,4,1,0,0
175,7,1,167,4,4,0,0,0,9,1,0,0
13,3,1,12,0,0,0,1,0,1,1,0,0
169,16,1,163,3,3,0,0,0,22,1,0,0
264,959,140,214,46,1,2,1,0,0,0,0,1
482,1278,176,351,124,2,5,0,0,22,0,0,1
61,5,2,60,1,0,0,0,0,20,1,0,0
406,1156,139,310,94,1,0,1,0,22,0,0,1
216,15,2,214,2,0,0,0,0,22,1,0,0
249,481,24,225,19,2,3,0,0,2,0,0,1
294,994,106,235,55,1,3,0,0,23,0,0,1
232,4,3,224,7,1,0,0,0,7,1,0,0
303,764,70,234,62,1,3,2,1,0,0,0,1
307,593,72,259,43,4,1,0,0,0,0,0,1
222,16,3,204,11,7,0,0,0,23,1,0,0
378,1053,142,267,102,6,2,1,0,22,0,0,1
333,982,93,240,88,1,3,1,0,7,0,0,1
193,182,12,183,10,0,0,0,0,1,0,1,0
397,1250,85,289,98,3,5,1,1,4,0,0,1
300,633,55,263,37,0,0,0,0,23,0,0,1
257,799,64,214,41,0,2,0,0,0,0,0,1
31,2,1,31,0,0,0,0,0,23,1,0,0
7,1,1,7,0,0,0,0,0,23,1,0,0
285,866,53,221,62,0,2,0,0,1,0,0,1
91,5,1,91,0,0,0,0,0,23,1,0,0
57,3,1,57,0,0,0,0,0,23,1,0,0
328,662,62,222,104,0,1,1,0,0,0,0,1
557,27,2,517,36,3,1,0,0,23,1,0,0
228,507,42,184,40,1,2,0,1,23,0,0,1
187,315,39,168,19,0,0,0,0,0,0,0,1
240,769,37,209,28,2,1,0,0,23,0,0,1
54,2,1,52,0,2,0,0,0,22,1,0,0
194,645,28,158,35,1,0,0,0,2,0,0,1
211,677,23,172,38,0,1,0,0,23,0,0,1
253,841,41,211,39,2,1,0,0,23,0,0,1
229,803,36,195,31,0,3,0,0,23,0,0,1
59,12,1,57,1,1,0,0,0,22,1,0,0
8,3,1,8,0,0,0,0,0,7,1,0,0
214,778,56,181,29,1,2,0,1,22,0,0,1
36,1,1,35,1,0,0,0,0,23,1,0,0
247,606,26,191,54,0,1,0,1,23,0,0,1
278,860,56,230,44,3,0,1,0,0,0,0,1
86,9,1,80,2,4,0,0,0,8,1,0,0
206,464,64,172,33,0,1,0,0,0,0,0,1
279,570,88,235,41,1,2,0,0,5,0,0,1
358,1037,100,296,55,3,2,1,1,22,0,0,1
249,784,119,197,51,1,0,0,0,3,0,0,1
126,969,79,75,49,0,2,0,0,1,0,0,1
75,6,3,75,0,0,0,0,0,21,1,0,0
378,931,95,320,53,1,2,1,1,22,0,0,1
284,562,93,249,32,1,2,0,0,22,0,0,1
164,3,3,159,2,2,1,0,0,1,1,0,0
108,10,1,106,1,0,0,1,0,8,1,0,0
87,217,28,73,14,0,0,0,0,22,0,0,1
131,566,43,107,18,1,4,1,0,22,0,0,1
100,280,58,83,17,0,0,0,0,22,0,0,1
142,683,49,118,21,0,1,1,1,23,0,0,1
150,559,38,133,16,1,0,0,0,23,0,0,1
139,627,53,123,14,1,1,0,0,22,0,0,1
100,382,41,82,16,1,1,0,0,22,0,0,1
68,240,20,53,14,0,1,0,0,5,0,0,1
61,257,19,51,9,0,1,0,0,22,0,0,1
9,1,2,9,0,0,0,0,0,9,1,0,0
130,175,30,107,16,2,2,1,2,9,0,0,1
51,81,18,47,3,0,0,0,1,8,0,0,1
43,3,1,40,2,1,0,0,0,6,1,0,0
49,183,74,43,4,0,0,1,1,8,0,0,1
19,82,4,18,1,0,0,0,0,9,0,0,1
69,290,34,60,9,0,0,0,0,7,0,0,1
51,126,7,45,6,0,0,0,0,5,0,0,1
19,3,1,19,0,0,0,0,0,3,1,0,0
19,35,1,19,0,0,0,0,0,2,0,0,1
28,68,7,23,5,0,0,0,0,2,0,0,1
33,130,5,25,6,1,1,0,0,2,0,0,1
35,132,2,32,3,0,0,0,0,0,0,0,1
61,278,13,53,8,0,0,0,0,4,0,0,1
34,104,5,29,3,1,1,0,0,1,0,0,1
54,236,17,43,10,1,0,0,0,3,0,0,1
31,14,2,31,0,0,0,0,0,1,1,0,0
30,182,17,20,10,0,0,0,0,5,0,0,1
39,237,16,34,5,0,0,0,0,5,0,0,1
30,197,4,24,6,0,0,0,0,4,0,0,1
64,32,1,64,0,0,0,0,0,0,1,0,0
72,252,30,61,11,0,0,0,0,4,0,0,1
336,4,18,333,2,1,0,0,0,0,1,0,0
7,3,1,7,0,0,0,0,0,3,0,0,1
626,3,88,601,3,0,22,0,0,0,1,0,0
134,5,1,133,1,0,0,0,0,2,0,0,1
3,3,1,3,0,0,0,0,0,9,1,0,0
529,226,5,515,5,9,0,0,0,1,1,0,0
373,54,1,362,7,4,0,0,0,4,1,0,0
256,535,52,220,34,0,2,0,0,12,0,0,1
315,34,1,309,3,3,0,0,0,7,1,0,0
252,733,77,220,25,2,5,0,0,12,0,0,1
624,11,104,616,6,0,2,0,0,15,1,0,0
174,324,31,151,21,0,2,0,0,12,0,0,1
245,477,61,210,31,2,2,0,0,11,0,0,1
876,133,4,865,5,6,0,0,0,7,1,0,0
185,31,1,182,2,1,0,0,0,7,1,0,0
352,29,3,323,2,3,23,1,0,4,1,0,0
565,25,2,549,7,7,2,0,0,6,1,0,0
509,17,131,386,3,18,102,0,0,4,0,0,1
291,895,167,243,46,0,2,0,0,12,0,0,1
359,47,3,350,4,4,1,0,0,2,1,0,0
426,40,5,420,6,0,0,0,0,1,1,0,0
258,37,3,250,5,3,0,0,0,22,1,0,0
195,22,2,191,3,0,1,0,0,3,1,0,0
563,28,5,554,4,4,1,0,0,3,1,0,0
707,63,3,694,7,6,0,0,0,2,1,0,0
213,5,2,209,3,1,0,0,0,3,1,0,0
250,1061,54,213,36,0,0,1,0,11,0,0,1
287,65,3,280,1,6,0,0,0,1,1,0,0
300,297,60,267,29,3,1,0,0,5,0,0,1
273,69,5,260,6,7,0,0,0,7,1,0,0
576,158,8,562,10,4,0,0,0,7,1,0,0
751,35,2,733,7,11,0,0,0,1,1,0,0
473,83,4,450,20,0,3,0,0,7,0,1,0
434,58,17,420,7,6,1,0,0,7,1,0,0
391,8,48,278,0,13,97,1,2,6,1,0,0
280,29,4,277,3,0,0,0,0,1,1,0,0
345,70,2,335,4,5,1,0,0,20,1,0,0
296,31,5,291,1,4,0,0,0,0,1,0,0
186,19,1,174,5,7,0,0,0,7,1,0,0
358,12,2,348,4,5,1,0,0,2,1,0,0
414,5,61,356,0,1,57,0,0,4,1,0,0
136,18,1,134,2,0,0,0,0,12,1,0,0
125,4,2,123,1,0,1,0,0,1,1,0,0
251,18,2,246,3,2,0,0,0,10,1,0,0
158,9,1,157,1,0,0,0,0,3,1,0,0
177,16,1,171,3,3,0,0,0,3,1,0,0
287,38,2,260,0,12,2,1,12,0,1,0,0
153,7,42,148,0,2,3,0,0,12,1,0,0
214,18,1,211,1,2,0,0,0,5,1,0,0
312,37,6,303,5,4,0,0,0,8,1,0,0
244,30,5,237,3,4,0,0,0,1,1,0,0
637,64,8,627,8,2,0,0,0,22,1,0,0
287,43,3,281,4,2,0,0,0,9,1,0,0
357,59,3,341,6,10,0,0,0,9,1,0,0
182,27,1,176,4,2,0,0,0,0,1,0,0
307,51,4,301,5,1,0,0,0,8,1,0,0
403,89,4,391,8,4,0,0,0,3,1,0,0
211,24,1,209,2,0,0,0,0,8,1,0,0
300,46,1,285,0,8,7,0,0,7,1,0,0
287,29,3,278,4,5,0,0,0,6,1,0,0
223,19,1,211,7,1,0,4,0,6,1,0,0
378,48,3,367,4,6,0,1,0,23,1,0,0
397,87,10,383,5,9,0,0,0,4,1,0,0
397,76,4,382,9,6,0,0,0,3,1,0,0
940,49,1,862,40,38,0,0,0,10,1,0,0
78,5,1,78,0,0,0,0,0,3,1,0,0
128,5,4,123,1,4,0,0,0,6,1,0,0
306,32,4,302,2,2,0,0,0,23,1,0,0
128,12,1,123,1,4,0,0,0,23,1,0,0
96,5,2,92,0,3,0,1,0,11,1,0,0
354,66,2,348,3,3,0,0,0,7,1,0,0
121,11,1,114,7,0,0,0,0,5,1,0,0
94,9,1,90,0,3,0,1,0,12,1,0,0
164,15,5,158,0,6,0,0,0,6,1,0,0
342,34,1,326,12,4,0,0,0,8,1,0,0
247,17,1,241,3,1,2,0,0,8,1,0,0
155,31,1,144,4,7,0,0,0,12,1,0,0
316,65,16,306,4,6,0,0,0,9,1,0,0
151,9,1,147,1,3,0,0,0,6,1,0,0
154,821,75,120,32,0,2,0,0,21,0,0,1
208,981,108,165,37,1,3,2,0,7,0,0,1
123,524,56,100,21,0,1,1,0,1,0,0,1
157,591,61,123,29,1,3,1,0,21,0,0,1
190,723,85,127,55,1,5,0,2,7,0,0,1
22,2,1,22,0,0,0,0,0,1,0,0,1
164,1120,67,120,40,0,2,2,0,1,0,0,1
186,817,68,154,27,2,3,0,0,21,0,0,1
83,272,14,73,10,0,0,0,0,3,0,0,1
156,333,97,124,30,1,0,0,1,1,0,0,1
219,994,112,174,40,3,1,0,1,21,0,0,1
123,574,49,103,18,0,2,0,0,8,0,0,1
171,408,38,143,27,1,0,0,0,7,0,0,1
180,1002,76,148,28,2,0,1,1,1,0,0,1
325,10,1,319,4,1,1,0,0,22,1,0,0
164,518,40,138,23,1,2,0,0,21,0,0,1
215,1229,84,167,44,0,2,1,1,7,0,0,1
75,450,25,63,12,0,0,0,0,3,0,0,1
134,360,65,107,27,0,0,0,0,1,0,0,1
145,746,61,113,31,0,1,0,0,21,0,0,1
160,1020,61,122,38,0,0,0,0,7,0,0,1
91,432,32,77,14,0,0,0,0,2,0,0,1
132,332,56,101,31,0,0,0,0,1,0,0,1
150,568,30,110,38,1,1,0,0,21,0,0,1
203,775,62,161,37,2,3,0,0,7,0,0,1
53,134,10,44,9,0,0,0,0,3,0,0,1
26,3,3,25,1,0,0,0,0,1,0,0,1
103,440,69,80,20,1,1,0,1,1,0,0,1
133,758,52,108,24,0,1,0,0,21,0,0,1
124,416,41,104,20,0,0,0,0,7,0,0,1
28,1,2,28,0,0,0,0,0,1,0,0,1
114,938,59,86,27,1,0,0,0,1,0,0,1
500,9,15,497,1,2,0,0,0,4,1,0,0
25,1,1,25,0,0,0,0,0,7,1,0,0
12,1,4,12,0,0,0,0,0,2,0,0,1
34,73,242,27,5,1,0,0,1,22,0,0,1
1,1,1,1,0,0,0,0,0,3,1,0,0
91,91,277,78,13,0,0,0,0,7,0,0,1
47,39,8,43,4,0,0,0,0,5,0,0,1
28,39,16,27,1,0,0,0,0,5,0,0,1
105,136,67,89,15,0,1,0,0,2,0,0,1
182,235,73,161,20,0,1,0,0,1,0,0,1
116,200,239,94,18,2,2,0,0,7,0,0,1
42,89,295,35,7,0,0,0,0,4,0,0,1
133,157,278,117,16,0,0,0,0,2,0,0,1
128,164,79,109,18,1,0,0,0,7,0,0,1
54,90,281,47,7,0,0,0,0,4,0,0,1
71,123,277,58,10,0,2,0,1,3,0,0,1
95,129,56,82,12,0,0,1,0,7,0,0,1
136,265,128,103,28,2,2,1,0,7,0,0,1
16,5,4,15,1,0,0,0,0,8,0,0,1
90,168,56,75,13,2,0,0,0,4,0,0,1
103,330,152,84,17,0,1,0,1,4,0,0,1
113,525,124,92,18,3,0,0,0,1,0,0,1
166,336,147,145,18,2,1,0,0,23,0,0,1
300,860,274,259,35,2,4,0,0,5,0,0,1
171,437,129,135,28,1,5,0,2,7,0,0,1
95,131,65,81,13,0,1,0,0,5,0,0,1
100,204,94,78,18,0,4,0,0,1,0,0,1
106,283,179,86,16,1,2,0,1,2,0,0,1
60,442,85,52,8,0,0,0,0,8,0,0,1
231,331,197,180,46,1,2,1,1,6,0,0,1
138,119,81,116,19,2,0,0,1,6,0,0,1
799,112,22,788,4,7,0,0,0,9,1,0,0
355,4,29,355,0,0,0,0,0,6,0,0,1
1206,144,5,1166,17,22,0,0,1,3,1,0,0
1090,176,11,1057,6,26,1,0,0,3,1,0,0
565,3,83,561,3,1,0,0,0,6,0,0,1
260,11,29,257,2,1,0,0,0,9,0,0,1
426,5,70,422,2,1,1,0,0,6,0,0,1
350,24,2,346,4,0,0,0,0,23,1,0,0
818,39,5,815,1,2,0,0,0,5,0,1,0
252,5,24,249,3,0,0,0,0,9,0,0,1
863,121,22,854,4,5,0,0,0,8,0,1,0
396,2,67,391,1,4,0,0,0,6,0,0,1
816,33,25,807,3,5,0,0,1,5,1,0,0
813,542,165,721,83,2,5,0,2,9,0,0,1
1134,1076,295,952,163,5,13,1,0,8,0,0,1
310,3,27,307,3,0,0,0,0,8,0,0,1
239,3,20,238,1,0,0,0,0,8,0,0,1
1203,647,241,1042,145,7,8,0,1,8,0,0,1
386,19,1,383,2,1,0,0,0,21,0,1,0
464,13,2,450,4,2,0,8,0,9,0,1,0
352,3,35,349,3,0,0,0,0,8,0,0,1
1166,878,254,825,320,8,9,3,1,8,0,0,1
369,58,1,369,0,0,0,0,0,2,0,1,0
855,93,4,840,6,9,0,0,0,22,0,1,0
721,436,113,651,62,4,1,2,1,10,0,0,1
98,1,9,96,1,1,0,0,0,9,0,0,1
255,2,41,253,2,0,0,0,0,8,0,0,1
993,636,193,892,94,5,0,0,2,9,0,0,1
147,6,2,147,0,0,0,0,0,7,0,1,0
581,40,3,570,3,8,0,0,0,1,0,1,0
383,5,6,379,2,2,0,0,0,22,1,0,0
952,19,24,947,3,2,0,0,0,5,1,0,0
343,5,8,342,0,1,0,0,0,1,1,0,0
952,19,24,947,3,2,0,0,0,23,1,0,0
254,11,27,253,1,0,0,0,0,8,0,0,1
745,933,236,625,102,4,12,2,0,8,0,0,1
364,3,43,362,1,1,0,0,0,7,0,0,1
171,1,16,170,1,0,0,0,0,8,0,0,1
126,1,6,125,1,0,0,0,0,8,0,0,1
655,46,14,649,2,3,0,1,0,8,1,0,0
359,2,37,355,3,1,0,0,0,7,0,0,1
201,5,26,200,1,0,0,0,0,9,0,0,1
989,783,210,844,123,8,11,0,3,9,0,0,1
138,1,7,136,2,0,0,0,0,8,0,0,1
101,1,8,100,1,0,0,0,0,8,0,0,1
206,1,38,202,3,1,0,0,0,7,0,0,1
139,1,17,138,1,0,0,0,0,7,0,0,1
171,3,22,170,1,0,0,0,0,9,0,0,1
101,2,10,100,1,0,0,0,0,9,0,0,1
660,14,3,658,1,1,0,0,0,4,1,0,0
392,133,2,391,1,0,0,0,0,2,1,0,0
417,151,3,415,2,0,0,0,0,2,1,0,0
143,48,1,137,4,2,0,0,0,2,1,0,0
237,117,1,236,1,0,0,0,0,2,1,0,0
225,1,31,222,2,0,0,0,1,9,0,0,1
160,1,16,158,1,0,1,0,0,9,0,0,1
227,3,22,227,0,0,0,0,0,8,0,0,1
113,2,13,113,0,0,0,0,0,7,0,0,1
317,1,53,315,1,1,0,0,0,8,0,0,1
284,22,2,281,1,2,0,0,0,7,0,1,0
275,7,1,275,0,0,0,0,0,8,0,1,0
51,1,6,50,1,0,0,0,0,7,0,0,1
635,25,1,626,7,2,0,0,0,4,0,1,0
188,1,2,186,2,0,0,0,0,22,1,0,0
598,28,14,594,2,2,0,0,0,22,1,0,0
744,80,10,737,1,6,0,0,0,3,1,0,0
580,34,6,572,4,4,0,0,0,2,1,0,0
1288,97,2,1270,7,8,0,2,1,5,0,1,0
926,51,6,916,6,4,0,0,0,0,0,1,0
330,14,4,324,4,2,0,0,0,7,0,1,0
679,64,1,664,0,3,1,11,0,0,0,1,0
648,67,4,637,7,4,0,0,0,10,0,1,0
770,31,2,755,6,9,0,0,0,3,1,0,0
812,67,2,806,0,4,0,2,0,9,1,0,0
1145,51,7,1125,4,16,0,0,0,5,1,0,0
1130,91,4,1106,9,15,0,0,0,1,0,1,0
555,35,1,553,2,0,0,0,0,5,0,1,0
596,23,7,588,6,2,0,0,0,6,0,1,0
1027,146,7,996,8,19,1,3,0,6,0,1,0
1296,240,6,1274,13,9,0,0,0,10,0,1,0
498,36,6,496,2,0,0,0,0,6,1,0,0
931,60,6,914,7,10,0,0,0,0,0,1,0
484,25,1,481,3,0,0,0,0,8,1,0,0
612,73,1,605,4,3,0,0,0,9,1,0,0
423,73,1,417,3,2,0,0,1,20,1,0,0
111,13,1,111,0,0,0,0,0,4,0,1,0
285,67,1,283,1,1,0,0,0,6,0,1,0
586,61,19,580,5,0,1,0,0,5,1,0,0
383,28,10,377,6,0,0,0,0,5,1,0,0
279,56,9,279,0,0,0,0,0,6,1,0,0
317,35,7,317,0,0,0,0,0,5,1,0,0
133,42,5,129,4,0,0,0,0,5,1,0,0
369,100,4,366,0,3,0,0,0,5,1,0,0
517,105,2,502,8,7,0,0,0,2,1,0,0
329,46,7,329,0,0,0,0,0,6,1,0,0
439,59,1,436,1,2,0,0,0,2,1,0,0
337,57,13,336,1,0,0,0,0,5,1,0,0
120,55,1,120,0,0,0,0,0,22,0,1,0
237,32,3,233,3,1,0,0,0,6,1,0,0
119,17,1,117,2,0,0,0,0,4,1,0,0
44,2,1,42,0,2,0,0,0,2,1,0,0
97,177,210,48,49,0,0,0,0,0,0,0,1
19,1,1,19,0,0,0,0,0,22,1,0,0
156,593,210,95,56,2,3,0,0,6,0,0,1
99,361,87,80,17,0,2,0,0,2,0,0,1
182,356,229,109,72,0,1,0,0,1,0,0,1
154,455,199,98,53,0,3,0,0,7,0,0,1
259,695,263,151,106,0,2,0,0,1,0,0,1
63,84,92,45,17,1,0,0,0,6,0,0,1
146,303,221,73,69,2,1,0,1,1,0,0,1
162,418,163,108,49,1,4,0,0,7,0,0,1
184,530,224,101,80,0,1,1,1,1,0,0,1
196,637,223,111,81,1,2,1,0,7,0,0,1
22,3,1,22,0,0,0,0,0,1,1,0,0
162,401,213,83,78,1,0,0,0,1,0,0,1
52,1,1,52,0,0,0,0,0,22,1,0,0
181,506,211,124,52,2,2,1,0,6,0,0,1
42,40,30,37,5,0,0,0,0,6,0,0,1
17,2,1,16,1,0,0,0,0,1,1,0,0
174,512,201,83,88,1,2,0,0,1,0,0,1
13,1,3,13,0,0,0,0,0,7,1,0,0
78,209,132,64,14,0,0,0,0,7,0,0,1
115,259,153,52,58,0,5,0,0,1,0,0,1
40,1,1,40,0,0,0,0,0,22,1,0,0
172,555,240,121,49,1,1,0,0,7,0,0,1
21,1,2,21,0,0,0,0,0,1,1,0,0
156,482,189,98,55,2,1,0,0,1,0,0,1
42,2,1,42,0,0,0,0,0,8,1,0,0
156,458,272,115,38,1,2,0,0,7,0,0,1
22,1,1,22,0,0,0,0,0,4,0,0,1
219,627,230,134,76,3,6,0,0,7,0,0,1
12,1,1,12,0,0,0,0,0,1,1,0,0
243,597,241,135,105,0,2,1,0,1,0,0,1
43,1,2,42,1,0,0,0,0,1,1,0,0
205,619,239,144,59,1,0,1,0,1,0,0,1
136,395,195,102,32,0,0,1,1,7,0,0,1
20,1,1,20,0,0,0,0,0,22,1,0,0
161,579,202,118,40,1,2,0,0,7,0,0,1
79,1,19,79,0,0,0,0,0,1,0,0,1
171,595,273,121,48,0,0,2,0,1,0,0,1
28,1,5,27,1,0,0,0,0,7,1,0,0
48,2,10,48,0,0,0,0,0,7,0,0,1
181,366,150,150,30,1,0,0,0,7,0,0,1
52,2,7,52,0,0,0,0,0,1,0,0,1
180,392,230,130,49,0,1,0,0,1,0,0,1
30,1,2,30,0,0,0,0,0,2,1,0,0
206,367,236,132,71,2,1,0,0,1,0,0,1
18,1,1,18,0,0,0,0,0,7,1,0,0
176,401,201,117,58,0,0,0,1,7,0,0,1
41,2,2,41,0,0,0,0,0,1,1,0,0
25,1,3,25,0,0,0,0,0,22,0,0,1
41,2,1,41,0,0,0,0,0,8,1,0,0
18,2,1,17,1,0,0,0,0,7,1,0,0
19,2,1,18,0,1,0,0,0,3,1,0,0
208,573,252,134,71,2,1,0,0,1,0,0,1
9,2,1,9,0,0,0,0,0,7,1,0,0
30,1,1,30,0,0,0,0,0,7,1,0,0
299,760,228,186,105,1,5,1,1,6,0,0,1
20,1,1,20,0,0,0,0,0,1,1,0,0
86,6,29,78,0,0,8,0,0,10,1,0,0
147,541,166,123,23,0,1,0,0,6,0,0,1
30,1,1,30,0,0,0,0,0,3,0,0,1
48,1,1,47,1,0,0,0,0,1,1,0,0
195,243,194,166,29,0,0,0,0,1,0,0,1
145,274,141,96,47,1,1,0,0,0,0,0,1
126,323,164,72,51,1,2,0,0,7,0,0,1
97,277,124,62,32,1,2,0,0,1,0,0,1
67,120,87,50,15,1,1,0,0,0,0,0,1
124,400,149,93,30,0,1,0,0,7,0,0,1
27,42,30,24,3,0,0,0,0,6,0,0,1
89,255,142,63,22,2,2,0,0,1,0,0,1
135,461,212,103,31,1,0,0,0,7,0,0,1
66,3,2,66,0,0,0,0,0,1,1,0,0
240,764,283,149,90,1,0,0,0,1,0,0,1
46,76,96,35,10,1,0,0,0,7,0,0,1
110,338,151,85,21,0,4,0,0,1,0,0,1
9,1,4,9,0,0,0,0,0,22,0,0,1
165,395,180,116,45,0,3,1,0,7,0,0,1
62,102,76,57,2,0,3,0,0,7,0,0,1
9,1,1,9,0,0,0,0,0,1,1,0,0
170,537,243,106,60,1,1,1,1,1,0,0,1
112,354,147,86,24,1,1,0,0,7,0,0,1
124,313,166,91,29,3,1,0,0,1,0,0,1
183,543,233,116,67,0,0,0,0,1,0,0,1
111,362,161,78,30,0,3,0,0,7,0,0,1
165,495,267,113,49,1,2,0,0,1,0,0,1
140,379,111,71,67,1,0,1,0,7,0,0,1
102,276,209,63,39,0,0,0,0,1,0,0,1
167,442,174,91,71,1,4,0,0,1,0,0,1
176,472,182,112,59,2,2,1,0,7,0,0,1
110,369,159,73,33,2,2,0,0,0,0,0,1
148,348,169,90,53,3,1,1,0,6,0,0,1
173,477,204,101,68,0,2,0,2,1,0,0,1
145,326,148,81,59,2,3,0,0,6,0,0,1
122,287,116,80,40,0,1,1,0,1,0,0,1
134,420,169,76,56,1,1,0,0,7,0,0,1
157,413,200,102,53,0,0,2,0,0,0,0,1
106,194,94,61,43,1,1,0,0,6,0,0,1
64,107,39,57,7,0,0,0,0,2,0,0,1
144,250,228,85,54,0,4,0,1,1,0,0,1
198,373,187,125,70,1,2,0,0,7,0,0,1
159,306,206,91,64,0,3,0,1,1,0,0,1
214,528,265,136,78,0,0,0,0,7,0,0,1
195,525,287,119,73,0,3,0,0,1,0,0,1
132,385,144,98,32,0,2,0,0,7,0,0,1
113,183,120,74,38,0,0,0,1,1,0,0,1
204,358,144,164,36,2,2,0,0,7,0,0,1
138,321,149,85,51,2,0,0,0,1,0,0,1
197,324,163,158,37,1,1,0,0,7,0,0,1
263,353,198,209,52,1,1,0,0,1,0,0,1
212,342,120,168,42,1,1,0,0,7,0,0,1
145,402,153,86,57,0,1,0,1,1,0,0,1
150,354,175,88,57,1,3,0,1,7,0,0,1
221,388,225,115,100,2,4,0,0,0,0,0,1
92,182,122,61,29,2,0,0,0,7,0,0,1
213,305,221,123,86,1,2,0,1,0,0,0,1
219,437,247,146,70,1,2,0,0,6,0,0,1
245,305,185,209,35,1,0,0,0,0,0,0,1
303,604,291,198,100,3,1,1,0,1,0,0,1
214,462,167,143,69,0,0,2,0,7,0,0,1
179,390,224,123,49,4,3,0,0,0,0,0,1
177,373,227,141,34,1,1,0,0,7,0,0,1
57,1,14,57,0,0,0,0,0,1,0,0,1
145,328,174,113,29,0,1,1,1,1,0,0,1
125,254,145,90,33,2,0,0,0,7,0,0,1
209,275,129,173,35,1,0,0,0,1,0,0,1
151,218,230,112,34,3,2,0,0,6,0,0,1
163,269,243,105,53,1,4,0,0,1,0,0,1
173,360,156,107,61,1,2,0,2,7,0,0,1
147,346,94,103,40,3,1,0,0,7,0,0,1
182,338,196,110,68,3,1,0,0,1,0,0,1
120,247,109,86,30,3,0,1,0,7,0,0,1
146,396,170,104,38,1,2,1,0,1,0,0,1
189,391,138,142,45,1,1,0,0,1,0,0,1
25,1,1,25,0,0,0,0,0,7,1,0,0
239,404,190,197,40,0,1,0,1,7,0,0,1
183,419,215,123,56,0,4,0,0,1,0,0,1
53,1,2,53,0,0,0,0,0,1,1,0,0
146,304,169,111,31,2,2,0,0,1,0,0,1
109,358,139,76,31,1,1,0,0,6,0,0,1
158,333,164,110,47,0,0,1,0,1,0,0,1
136,319,226,98,34,0,4,0,0,7,0,0,1
104,299,136,61,40,0,2,0,1,1,0,0,1
124,305,109,91,30,1,2,0,0,7,0,0,1
165,413,227,107,52,2,4,0,0,1,0,0,1
144,220,178,96,47,1,0,0,0,7,0,0,1
205,257,275,125,73,1,5,0,1,1,0,0,1
162,386,296,106,52,1,1,0,2,7,0,0,1
166,384,294,107,58,0,1,0,0,1,0,0,1
199,432,247,162,27,1,8,0,1,7,0,0,1
174,332,145,155,18,0,1,0,0,6,0,0,1
156,464,288,94,56,1,4,0,1,1,0,0,1
122,307,131,87,33,0,0,1,1,6,0,0,1
110,335,123,77,31,1,1,0,0,1,0,0,1
164,626,184,119,44,0,1,0,0,1,0,0,1
148,347,146,104,39,1,3,0,1,7,0,0,1
106,324,138,82,21,1,2,0,0,1,0,0,1
95,295,84,55,35,0,4,1,0,7,0,0,1
150,526,255,114,36,0,0,0,0,1,0,0,1
18,1,3,18,0,0,0,0,0,22,0,0,1
146,864,199,107,37,0,0,1,1,7,0,0,1
163,341,173,109,53,0,1,0,0,1,0,0,1
150,398,187,105,38,2,3,1,1,7,0,0,1
115,281,151,81,33,0,0,1,0,1,0,0,1
155,375,233,112,41,0,2,0,0,6,0,0,1
168,703,160,116,49,0,3,0,0,1,0,0,1
158,623,155,114,37,1,2,2,2,6,0,0,1
163,1138,200,116,43,3,0,0,1,1,0,0,1
182,353,126,125,50,2,4,0,1,7,0,0,1
164,447,170,117,39,3,4,0,1,0,0,0,1
116,250,111,68,45,0,2,1,0,7,0,0,1
143,417,163,95,41,3,4,0,0,1,0,0,1
144,383,196,87,54,0,3,0,0,7,0,0,1
158,324,215,119,33,1,5,0,0,1,0,0,1
121,442,104,73,48,0,0,0,0,7,0,0,1
153,339,187,107,42,1,2,0,1,1,0,0,1
202,323,166,132,67,0,3,0,0,7,0,0,1
151,328,135,92,52,0,3,0,4,1,0,0,1
132,263,43,106,25,0,0,1,0,7,0,0,1
145,142,97,93,52,0,0,0,0,6,0,0,1
150,388,201,98,47,0,4,0,1,1,0,0,1
12,1,3,12,0,0,0,0,0,22,0,0,1
193,631,206,133,57,2,0,1,0,6,0,0,1
214,530,209,141,65,4,3,0,1,1,0,0,1
187,544,142,124,55,2,5,0,1,7,0,0,1
173,429,166,132,37,2,0,2,0,1,0,0,1
48,4,2,48,0,0,0,0,0,8,1,0,0
190,511,197,142,46,0,1,0,1,7,0,0,1
226,556,268,146,79,0,1,0,0,1,0,0,1
154,467,111,89,59,0,4,1,1,6,0,0,1
98,346,142,68,28,1,1,0,0,1,0,0,1
157,499,220,128,24,1,4,0,0,7,0,0,1
140,262,166,92,48,0,0,0,0,22,0,0,1
125,323,146,84,40,0,1,0,0,7,0,0,1
170,472,200,122,45,1,2,0,0,1,0,0,1
144,347,119,84,56,2,1,0,1,6,0,0,1
150,379,166,99,48,0,3,0,0,1,0,0,1
218,354,155,177,38,2,1,0,0,6,0,0,1
163,347,185,122,39,0,1,1,0,1,0,0,1
152,333,104,98,49,1,2,1,1,7,0,0,1
135,326,122,86,44,1,1,0,3,1,0,0,1
189,329,144,111,77,0,1,0,0,7,0,0,1
237,507,225,155,80,0,0,1,1,1,0,0,1
189,442,202,115,66,4,2,2,0,7,0,0,1
194,419,218,110,83,0,0,0,1,1,0,0,1
156,847,217,116,39,0,1,0,0,7,0,0,1
46,1,1,46,0,0,0,0,0,8,1,0,0
174,487,231,123,51,0,0,0,0,7,0,0,1
169,436,147,121,44,3,0,1,0,1,0,0,1
207,995,191,127,78,1,1,0,0,7,0,0,1
208,502,156,133,71,2,1,0,1,1,0,0,1
218,469,182,130,85,0,1,1,1,7,0,0,1
172,501,227,103,66,1,2,0,0,1,0,0,1
207,1122,180,126,79,1,0,0,1,7,0,0,1
219,590,125,160,55,1,2,0,1,1,0,0,1
158,853,241,96,60,1,1,0,0,7,0,0,1
226,524,133,117,106,2,0,0,1,1,0,0,1
163,857,195,111,51,0,1,0,0,7,0,0,1
193,544,234,115,76,1,1,0,0,1,0,0,1
132,722,161,84,44,1,2,0,1,7,0,0,1
163,767,176,98,64,0,1,0,0,1,0,0,1
128,630,140,79,44,0,5,0,0,6,0,0,1
114,324,148,68,43,0,3,0,0,1,0,0,1
153,423,104,77,73,0,2,1,0,7,0,0,1
133,333,116,54,75,1,1,1,1,1,0,0,1
61,83,64,55,6,0,0,0,0,7,0,0,1
149,429,117,95,50,2,2,0,0,1,0,0,1
54,48,40,43,11,0,0,0,0,7,0,0,1
163,354,150,100,60,1,2,0,0,1,0,0,1
182,584,158,105,76,0,0,1,0,7,0,0,1
200,417,139,109,87,1,2,1,0,1,0,0,1
188,498,182,108,77,2,0,0,1,7,0,0,1
180,439,123,113,62,1,4,0,0,1,0,0,1
36,5,5,35,1,0,0,0,0,22,1,0,0
198,473,112,109,87,1,0,1,0,1,0,0,1
179,489,114,116,62,0,1,0,0,7,0,0,1
169,881,141,83,82,0,4,0,0,1,0,0,1
230,906,215,158,65,1,4,1,1,1,0,0,1
236,703,141,155,76,2,3,0,0,1,0,0,1
160,466,201,100,54,0,6,0,0,1,0,0,1
76,2,1,76,0,0,0,0,0,1,1,0,0
201,672,154,131,67,2,0,0,1,1,0,0,1
29,1,1,29,0,0,0,0,0,8,1,0,0
232,457,113,140,76,0,12,1,3,1,0,0,1
203,536,130,124,74,3,2,0,0,1,0,0,1
174,346,115,106,65,0,3,0,0,1,0,0,1
256,546,135,161,91,1,3,0,0,1,0,0,1
162,352,101,85,72,1,4,0,0,7,0,0,1
113,592,127,92,18,2,1,0,0,1,0,0,1
239,408,162,168,68,1,1,0,1,7,0,0,1
37,1,1,37,0,0,0,0,0,2,1,0,0
242,415,112,158,78,0,5,0,1,1,0,0,1
184,941,162,119,62,0,2,1,0,7,0,0,1
199,515,118,150,44,3,2,0,0,1,0,0,1
84,79,77,70,12,0,2,0,0,7,0,0,1
179,454,113,125,52,0,2,0,0,1,0,0,1
123,356,109,81,39,1,1,1,0,7,0,0,1
52,39,14,39,12,1,0,0,0,7,0,0,1
99,325,73,84,15,0,0,0,0,1,0,0,1
170,726,148,100,64,2,3,1,0,7,0,0,1
50,4,3,50,0,0,0,0,0,2,1,0,0
206,378,149,137,67,0,2,0,0,1,0,0,1
128,571,110,92,35,0,0,0,1,7,0,0,1
54,100,28,36,18,0,0,0,0,2,0,0,1
108,168,43,69,38,0,0,1,0,1,0,0,1
122,307,70,93,24,0,3,1,1,1,0,0,1
228,1030,192,149,62,0,6,10,1,6,0,0,1
152,358,121,94,54,2,2,0,0,1,0,0,1
170,793,194,120,43,2,5,0,0,7,0,0,1
180,994,224,112,60,1,6,1,0,7,0,0,1
172,9,2,169,1,2,0,0,0,2,1,0,0
227,473,154,148,74,2,2,0,1,1,0,0,1
110,328,126,78,29,0,2,0,1,22,0,0,1
175,1196,230,126,49,0,0,0,0,1,0,0,1
129,215,145,97,30,0,1,0,1,22,0,0,1
205,476,149,128,75,1,1,0,0,1,0,0,1
136,270,114,80,49,3,3,1,0,22,0,0,1
173,1214,244,106,64,1,2,0,0,1,0,0,1
177,706,186,98,77,0,2,0,0,22,0,0,1
47,7,17,45,2,0,0,0,0,21,0,0,1
242,744,193,154,85,0,3,0,0,7,0,0,1
225,559,166,125,98,0,1,0,1,1,0,0,1
238,815,165,136,96,2,3,1,0,1,0,0,1
235,1278,212,171,60,2,1,0,1,7,0,0,1
362,745,199,190,168,3,1,0,0,1,0,0,1
290,915,240,166,119,2,2,1,0,7,0,0,1
267,1221,259,176,90,0,1,0,0,1,0,0,1
225,1085,204,140,82,0,1,2,0,7,0,0,1
345,1019,162,237,105,0,2,1,0,7,0,0,1
252,885,242,182,70,0,0,0,0,1,0,0,1
168,718,172,91,74,1,2,0,0,7,0,0,1
257,1096,206,143,110,0,2,0,2,1,0,0,1
316,1080,194,177,135,1,2,0,1,6,0,0,1
281,809,171,181,97,1,2,0,0,1,0,0,1
285,778,171,170,110,3,2,0,0,7,0,0,1
195,1176,209,106,85,1,2,1,0,1,0,0,1
239,1270,194,145,87,1,5,1,0,7,0,0,1
270,898,233,174,91,2,3,0,0,1,0,0,1
307,1275,228,216,86,1,4,0,0,7,0,0,1
236,938,216,131,103,0,2,0,0,1,0,0,1
258,1008,261,149,108,1,0,0,0,7,0,0,1
33,2,1,33,0,0,0,0,0,1,1,0,0
102,8,3,100,2,0,0,0,0,7,1,0,0
239,938,212,163,71,1,3,0,1,1,0,0,1
273,914,218,161,107,1,3,0,1,7,0,0,1
229,1005,227,146,80,2,1,0,0,1,0,0,1
212,551,187,114,95,0,3,0,0,1,0,0,1
239,548,188,139,96,0,4,0,0,1,0,0,1
296,656,253,168,121,1,5,1,0,7,0,0,1
303,1003,242,160,137,2,2,1,1,1,0,0,1
237,913,202,136,100,1,0,0,0,7,0,0,1
315,1050,274,164,143,3,2,1,2,1,0,0,1
251,1145,261,112,133,3,2,1,0,7,0,0,1
212,916,198,131,79,1,1,0,0,1,0,0,1
349,967,280,188,156,3,2,0,0,1,0,0,1
354,1119,277,164,187,1,2,0,0,7,0,0,1
265,1138,254,140,120,0,2,1,2,1,0,0,1
266,736,229,168,94,0,2,2,0,1,0,0,1
359,1092,242,203,151,2,2,0,1,7,0,0,1
331,1017,285,177,146,1,3,2,2,1,0,0,1
291,1169,257,161,123,2,4,0,1,7,0,0,1
204,1059,235,134,66,0,2,2,0,1,0,0,1
199,603,199,134,63,2,0,0,0,7,0,0,1
46,2,2,45,1,0,0,0,0,1,1,0,0
315,1247,274,206,106,2,1,0,0,1,0,0,1
16,2,1,16,0,0,0,0,0,8,1,0,0
13,2,1,13,0,0,0,0,0,7,1,0,0
229,695,251,134,87,1,7,0,0,7,0,0,1
29,1,1,28,1,0,0,0,0,1,1,0,0
168,449,188,111,57,0,0,0,0,1,0,0,1
187,722,176,108,77,0,2,0,0,7,0,0,1
36,2,1,36,0,0,0,0,0,1,1,0,0
287,709,196,171,109,0,4,1,2,1,0,0,1
200,752,184,126,74,0,0,0,0,7,0,0,1
187,415,264,114,70,1,2,0,0,1,0,0,1
27,3,3,27,0,0,0,0,0,1,1,0,0
258,470,235,139,117,1,1,0,0,1,0,0,1
264,459,200,116,147,1,0,0,0,7,0,0,1
196,466,166,128,65,0,1,1,1,2,0,0,1
109,202,167,75,32,0,2,0,0,1,0,0,1
292,898,262,170,116,3,1,1,1,7,0,0,1
283,519,295,193,88,1,1,0,0,1,0,0,1
265,664,191,160,101,1,1,1,1,7,0,0,1
432,924,287,252,173,0,6,0,1,7,0,0,1
274,1140,300,168,98,0,5,1,2,1,0,0,1
61,1,1,61,0,0,0,0,0,7,1,0,0
233,1039,280,161,70,0,1,1,0,8,0,0,1
276,306,285,158,113,2,2,1,0,7,0,0,1
158,234,92,108,48,0,2,0,0,2,0,0,1
22,1,1,22,0,0,0,0,0,22,1,0,0
46,10,1,46,0,0,0,0,0,2,1,0,0
160,326,300,127,32,1,0,0,0,1,0,0,1
24,2,1,23,1,0,0,0,0,8,1,0,0
135,245,133,66,64,1,4,0,0,2,0,0,1
182,443,135,91,89,2,0,0,0,8,0,0,1
38,3,1,38,0,0,0,0,0,2,1,0,0
169,293,195,99,69,0,1,0,0,1,0,0,1
219,1172,274,114,104,1,0,0,0,7,0,0,1
206,525,265,147,56,0,3,0,0,1,0,0,1
151,667,195,106,45,0,0,0,0,8,0,0,1
255,505,187,168,80,5,1,0,1,7,0,0,1
144,271,90,120,22,1,1,0,0,2,0,0,1
64,100,68,57,7,0,0,0,0,2,0,0,1
35,2,1,35,0,0,0,0,0,8,1,0,0
26,1,1,25,1,0,0,0,0,7,1,0,0
180,307,217,153,25,0,1,0,1,7,0,0,1
45,6,2,43,1,1,0,0,0,1,1,0,0
116,337,109,78,37,0,0,1,0,2,0,0,1
156,286,76,108,42,0,6,0,0,8,0,0,1
171,236,82,70,100,0,1,0,0,2,0,0,1
136,250,51,102,32,0,1,1,0,8,0,0,1
285,1293,295,167,111,1,5,0,1,7,0,0,1
128,200,63,59,67,1,1,0,0,2,0,0,1
17,4,1,17,0,0,0,0,0,8,1,0,0
186,325,253,109,71,0,3,1,2,7,0,0,1
129,299,117,100,26,1,1,1,0,2,0,0,1
148,390,210,123,24,1,0,0,0,7,0,0,1
217,885,248,134,78,2,3,0,0,2,0,0,1
223,349,251,156,61,3,1,0,2,1,0,0,1
44,2,1,44,0,0,0,0,0,2,1,0,0
24,2,1,24,0,0,0,0,0,7,1,0,0
9,1,1,9,0,0,0,0,0,2,1,0,0
23,1,1,23,0,0,0,0,0,8,1,0,0
128,229,229,112,16,0,0,0,0,7,0,0,1
36,3,1,36,0,0,0,0,0,1,1,0,0
172,1056,258,68,100,3,1,0,0,8,0,0,1
13,1,1,13,0,0,0,0,0,7,1,0,0
27,1,1,27,0,0,0,0,0,2,1,0,0
34,1,1,34,0,0,0,0,0,1,1,0,0
272,339,158,156,112,3,1,0,0,8,0,0,1
207,391,259,127,77,2,0,1,0,8,0,0,1
241,383,257,106,135,0,0,0,0,2,0,0,1
224,545,231,108,111,2,2,0,1,7,0,0,1
195,294,274,115,77,1,2,0,0,6,0,0,1
160,1183,217,81,79,0,0,0,0,2,0,0,1
159,175,233,122,36,0,1,0,0,6,0,0,1
16,1,1,16,0,0,0,0,0,2,1,0,0
135,214,159,91,42,1,1,0,0,2,0,0,1
183,908,266,122,58,0,2,0,1,2,0,0,1
166,287,153,91,75,0,0,0,0,2,0,0,1
173,221,248,114,53,3,3,0,0,7,0,0,1
176,171,146,82,89,3,2,0,0,8,0,0,1
211,948,245,154,57,0,0,0,0,2,0,0,1
179,306,65,117,60,1,1,0,0,8,0,0,1
20,1,1,20,0,0,0,0,0,7,1,0,0
144,238,113,120,23,1,0,0,0,7,0,0,1
120,126,100,98,20,2,0,0,0,7,0,0,1
173,578,153,125,47,0,0,1,0,1,0,0,1
232,1045,253,149,81,0,1,0,1,1,0,0,1
32,6,1,32,0,0,0,0,0,8,1,0,0
241,938,282,134,102,0,5,0,0,7,0,0,1
147,226,207,111,36,0,0,0,0,7,0,0,1
197,505,110,126,63,2,4,1,1,1,0,0,1
202,377,117,116,84,0,2,0,0,7,0,0,1
126,266,72,77,48,0,1,0,0,2,0,0,1
189,410,112,137,50,0,2,0,0,7,0,0,1
11,1,2,11,0,0,0,0,0,1,1,0,0
287,916,286,165,119,0,1,1,1,8,0,0,1
226,238,238,139,83,3,1,0,0,7,0,0,1
115,179,64,89,25,1,0,0,0,2,0,0,1
370,1049,300,269,94,2,5,0,0,1,0,0,1
165,296,100,89,74,0,2,0,0,8,0,0,1
376,20,3,354,19,3,0,0,0,3,0,0,1
255,7,4,249,6,0,0,0,0,22,1,0,0
205,39,4,197,4,4,0,0,0,2,0,1,0
336,42,2,285,5,0,0,46,0,6,1,0,0
111,2,1,110,1,0,0,0,0,0,0,1,0
357,18,9,352,3,1,1,0,0,6,1,0,0
133,7,1,127,6,0,0,0,0,4,0,1,0
532,32,4,480,47,5,0,0,0,1,1,0,0
231,16,2,216,3,0,0,12,0,8,0,1,0
684,38,14,676,7,0,1,0,0,7,1,0,0
791,34,2,770,16,5,0,0,0,6,1,0,0
824,106,6,810,10,4,0,0,0,1,1,0,0
237,67,1,233,3,1,0,0,0,6,0,1,0
360,22,10,347,2,5,0,6,0,23,1,0,0
324,45,3,280,0,17,1,19,7,7,1,0,0
1271,94,9,1249,11,8,2,1,0,3,1,0,0
851,100,11,834,5,10,2,0,0,7,1,0,0
95,3,2,90,2,3,0,0,0,22,1,0,0
111,9,2,107,1,2,1,0,0,1,1,0,0
796,143,9,791,5,0,0,0,0,3,1,0,0
508,12,3,499,8,0,1,0,0,16,1,0,0
251,29,5,228,0,3,0,1,19,2,1,0,0
1244,218,9,1226,5,12,1,0,0,10,1,0,0
867,90,11,858,1,7,0,0,1,5,1,0,0
87,5,2,79,3,5,0,0,0,4,1,0,0
614,78,15,599,7,8,0,0,0,13,1,0,0
86,5,3,80,2,4,0,0,0,1,1,0,0
488,20,8,484,4,0,0,0,0,4,1,0,0
157,16,3,145,1,11,0,0,0,23,1,0,0
547,71,7,535,6,6,0,0,0,15,1,0,0
1168,104,49,1133,17,17,1,0,0,6,1,0,0
879,165,18,867,4,8,0,0,0,3,1,0,0
114,6,1,108,3,3,0,0,0,1,1,0,0
186,15,1,172,3,11,0,0,0,1,1,0,0
985,71,42,962,5,16,2,0,0,1,1,0,0
376,20,3,354,19,3,0,0,0,3,0,0,1
255,7,4,249,6,0,0,0,0,22,1,0,0
205,39,4,197,4,4,0,0,0,2,0,1,0
336,42,2,285,5,0,0,46,0,6,1,0,0
111,2,1,110,1,0,0,0,0,0,0,1,0
357,18,9,352,3,1,1,0,0,6,1,0,0
133,7,1,127,6,0,0,0,0,4,0,1,0
532,32,4,480,47,5,0,0,0,1,1,0,0
231,16,2,216,3,0,0,12,0,8,0,1,0
684,38,14,676,7,0,1,0,0,7,1,0,0
791,34,2,770,16,5,0,0,0,6,1,0,0
824,106,6,810,10,4,0,0,0,1,1,0,0
237,67,1,233,3,1,0,0,0,6,0,1,0
360,22,10,347,2,5,0,6,0,23,1,0,0
324,45,3,280,0,17,1,19,7,7,1,0,0
1271,94,9,1249,11,8,2,1,0,3,1,0,0
851,100,11,834,5,10,2,0,0,7,1,0,0
95,3,2,90,2,3,0,0,0,22,1,0,0
111,9,2,107,1,2,1,0,0,1,1,0,0
796,143,9,791,5,0,0,0,0,3,1,0,0
508,12,3,499,8,0,1,0,0,16,1,0,0
251,29,5,228,0,3,0,1,19,2,1,0,0
1244,218,9,1226,5,12,1,0,0,10,1,0,0
867,90,11,858,1,7,0,0,1,5,1,0,0
87,5,2,79,3,5,0,0,0,4,1,0,0
614,78,15,599,7,8,0,0,0,13,1,0,0
86,5,3,80,2,4,0,0,0,1,1,0,0
488,20,8,484,4,0,0,0,0,4,1,0,0
157,16,3,145,1,11,0,0,0,23,1,0,0
547,71,7,535,6,6,0,0,0,15,1,0,0
1168,104,49,1133,17,17,1,0,0,6,1,0,0
879,165,18,867,4,8,0,0,0,3,1,0,0
114,6,1,108,3,3,0,0,0,1,1,0,0
186,15,1,172,3,11,0,0,0,1,1,0,0
985,71,42,962,5,16,2,0,0,1,1,0,0
123,110,7,113,9,1,0,0,0,1,1,0,0
130,1051,157,82,46,0,2,0,0,10,0,0,1
124,844,183,84,39,1,0,0,0,4,0,0,1
144,6,16,119,0,3,22,0,0,4,1,0,0
48,1,2,48,0,0,0,0,0,4,1,0,0
1228,6,1,1225,0,0,3,0,0,5,0,0,1
52,1,1,51,0,1,0,0,0,3,0,1,0
144,545,65,114,18,0,10,2,0,2,0,0,1
62,11,1,61,1,0,0,0,0,6,1,0,0
78,36,5,75,1,2,0,0,0,5,1,0,0
43,7,1,40,1,2,0,0,0,10,1,0,0
127,56,60,125,1,0,1,0,0,23,1,0,0
97,104,3,95,2,0,0,0,0,4,1,0,0
12,7,7,12,0,0,0,0,0,1,0,0,0
63,21,1,62,1,0,0,0,0,1,1,0,0
218,105,153,212,2,4,0,0,0,12,1,0,0
51,80,15,45,5,1,0,0,0,7,0,0,1
122,71,65,117,5,0,0,0,0,11,1,0,0
50,20,6,47,3,0,0,0,0,7,1,0,0
123,166,16,114,9,0,0,0,0,11,1,0,0
123,25,28,123,0,0,0,0,0,6,1,0,0
51,1,4,47,3,1,0,0,0,9,1,0,0
22,11,1,20,1,1,0,0,0,6,0,0,1
374,6,17,366,2,6,0,0,0,1,1,0,0
55,83,1,52,1,0,2,0,0,12,0,0,1
110,566,238,103,5,0,1,0,1,3,0,0,1
105,96,7,101,2,2,0,0,0,23,1,0,0
19,6,1,14,4,1,0,0,0,3,1,0,0
67,276,34,57,7,0,3,0,0,11,0,0,1
155,851,153,76,78,1,0,0,0,10,0,0,1
225,32,17,221,3,0,1,0,0,6,1,0,0
63,23,1,63,0,0,0,0,0,22,1,0,0
96,1084,266,80,13,2,0,1,0,2,0,0,1
91,54,1,89,2,0,0,0,0,23,1,0,0
45,27,1,43,1,1,0,0,0,7,1,0,0
195,195,2,193,0,0,2,0,0,10,1,0,0
122,524,100,101,21,0,0,0,0,11,0,0,1
196,116,120,187,7,2,0,0,0,6,1,0,0
106,78,2,96,3,2,5,0,0,6,1,0,0
23,1,1,22,0,1,0,0,0,7,0,0,1
84,13,1,78,1,5,0,0,0,9,1,0,0
157,118,2,150,4,3,0,0,0,5,1,0,0
101,80,24,98,3,0,0,0,0,11,1,0,0
101,18,1,94,1,5,0,1,0,5,0,1,0
97,44,3,91,0,4,2,0,0,21,1,0,0
138,54,2,131,5,2,0,0,0,3,1,0,0
273,41,2,255,7,4,7,0,0,11,1,0,0
138,177,7,128,9,0,1,0,0,22,1,0,0
110,66,3,107,2,1,0,0,0,1,1,0,0
119,841,103,88,31,0,0,0,0,2,0,0,1
239,100,12,221,15,3,0,0,0,9,1,0,0
35,2,1,33,1,1,0,0,0,2,1,0,0
353,357,17,341,9,3,0,0,0,0,1,0,0
123,4,1,110,0,1,0,2,10,4,1,0,0
87,18,12,87,0,0,0,0,0,12,0,1,0
222,282,13,216,5,1,0,0,0,4,1,0,0
83,1,1,70,0,1,12,0,0,9,1,0,0
260,338,8,251,6,3,0,0,0,6,1,0,0
123,96,6,119,2,2,0,0,0,8,1,0,0
129,80,1,122,4,3,0,0,0,23,1,0,0
123,92,6,119,2,2,0,0,0,0,1,0,0
5,24,1,5,0,0,0,0,0,11,0,0,1
22,25,2,19,1,1,0,1,0,11,0,0,1
21,31,1,20,0,1,0,0,0,10,0,0,1
15,27,3,13,1,1,0,0,0,10,0,0,1
27,1,4,24,2,1,0,0,0,6,0,0,1
249,166,16,242,6,1,0,0,0,1,1,0,0
53,10,6,49,2,2,0,0,0,8,1,0,0
53,7,1,48,2,2,1,0,0,2,0,0,1
86,7,4,82,3,1,0,0,0,21,0,0,1
63,6,1,60,0,3,0,0,0,7,1,0,0
57,1,1,57,0,0,0,0,0,0,1,0,0
106,71,10,103,0,0,3,0,0,6,1,0,0
238,151,78,231,4,3,0,0,0,2,1,0,0
1013,16,1,865,120,0,28,0,0,1,1,0,0
21,15,1,18,2,0,1,0,0,5,0,0,1
55,785,83,42,10,1,1,1,0,10,0,0,1
11,2,1,10,1,0,0,0,0,0,1,0,0
41,4,2,40,0,1,0,0,0,6,1,0,0
137,660,198,113,23,0,0,1,0,8,0,0,1
169,157,5,161,2,6,0,0,0,5,1,0,0
62,8,1,59,2,1,0,0,0,22,1,0,0
148,952,198,122,25,0,0,1,0,10,0,0,1
73,1191,134,59,12,0,0,1,1,11,0,0,1
71,14,7,70,0,0,0,1,0,7,1,0,0
62,263,86,54,7,1,0,0,0,0,0,0,1
113,79,9,109,4,0,0,0,0,12,1,0,0
56,365,106,50,3,2,1,0,0,5,0,0,1
66,659,108,61,4,0,0,1,0,3,0,0,1
43,706,71,39,3,1,0,0,0,1,0,0,1
26,61,6,25,1,0,0,0,0,11,0,0,1
18,96,9,12,4,2,0,0,0,0,0,0,1
67,558,43,55,7,1,4,0,0,22,0,0,1
37,40,1,35,2,0,0,0,0,12,0,0,1
95,831,87,86,7,1,0,1,0,7,0,0,1
88,967,86,67,21,0,0,0,0,5,0,0,1
22,4,5,22,0,0,0,0,0,23,0,1,0
77,511,36,45,26,2,1,0,3,11,0,0,1
113,801,124,104,7,1,1,0,0,10,0,0,1
66,178,11,55,9,0,1,1,0,5,0,0,1
145,4,2,137,2,6,0,0,0,3,1,0,0
139,687,274,117,18,1,2,1,0,10,0,0,1
44,5,1,41,1,1,1,0,0,9,1,0,0
369,351,15,361,7,1,0,0,0,0,1,0,0
109,42,1,106,0,3,0,0,0,8,1,0,0
99,1150,266,69,23,2,4,1,0,12,0,0,1
109,25,5,107,1,1,0,0,0,9,1,0,0
306,279,4,298,5,3,0,0,0,7,0,1,0
93,440,165,50,30,3,7,3,0,13,0,0,1
56,1226,75,50,3,2,1,0,0,2,0,0,1
120,29,1,116,3,1,0,0,0,21,1,0,0
111,79,11,106,1,4,0,0,0,12,1,0,0
36,5,1,31,0,2,0,0,3,7,1,0,0
83,49,1,74,0,2,7,0,0,10,0,0,1
271,239,15,268,3,0,0,0,0,2,1,0,0
57,10,1,53,0,4,0,0,0,10,1,0,0
47,2,1,47,0,0,0,0,0,15,1,0,0
515,567,13,509,3,2,1,0,0,6,1,0,0
247,193,3,237,5,5,0,0,0,0,1,0,0
49,23,10,49,0,0,0,0,0,0,1,0,0
284,192,121,280,4,0,0,0,0,3,1,0,0
165,169,62,162,1,2,0,0,0,7,1,0,0
184,131,2,182,2,0,0,0,0,23,1,0,0
213,64,8,205,3,5,0,0,0,22,1,0,0
382,448,8,376,5,1,0,0,0,22,1,0,0
244,199,12,232,4,8,0,0,0,1,1,0,0
353,383,11,348,5,0,0,0,0,6,1,0,0
269,311,8,264,5,0,0,0,0,6,1,0,0
332,316,9,325,6,1,0,0,0,9,1,0,0
350,498,15,339,6,5,0,0,0,20,1,0,0
259,292,16,251,5,2,0,1,0,4,1,0,0
356,119,21,345,7,4,0,0,0,1,1,0,0
361,479,15,356,4,1,0,0,0,22,1,0,0
411,566,20,399,12,0,0,0,0,23,1,0,0
201,104,12,194,7,0,0,0,0,6,1,0,0
119,38,26,115,1,3,0,0,0,9,1,0,0
141,529,148,102,20,0,15,3,1,11,0,0,1
104,7,1,99,1,4,0,0,0,8,1,0,0
137,497,71,76,48,2,11,0,0,12,0,0,1
273,206,2,268,3,2,0,0,0,8,0,1,0
119,139,18,109,7,3,0,0,0,9,0,0,1
328,247,14,320,7,1,0,0,0,6,1,0,0
304,239,4,301,1,0,0,2,0,6,1,0,0
121,74,1,120,1,0,0,0,0,14,0,1,0
64,2,3,63,0,1,0,0,0,8,1,0,0
388,319,2,382,3,0,0,3,0,3,1,0,0
186,36,1,181,1,4,0,0,0,10,1,0,0
62,351,10,48,12,0,1,1,0,14,0,0,1
256,261,12,253,3,0,0,0,0,6,1,0,0
120,457,13,93,8,0,19,0,0,12,0,0,1
210,254,12,197,10,2,1,0,0,8,1,0,0
333,256,12,324,5,4,0,0,0,3,1,0,0
102,64,1,92,6,0,4,0,0,13,0,0,1
295,338,11,291,3,1,0,0,0,23,1,0,0
463,424,6,452,5,5,1,0,0,9,1,0,0
337,662,23,330,6,1,0,0,0,0,1,0,0
239,250,1,231,4,0,0,4,0,7,0,1,0
69,4,2,66,2,1,0,0,0,13,1,0,0
302,358,2,290,7,4,0,1,0,8,0,1,0
325,536,20,316,6,3,0,0,0,2,1,0,0
111,462,16,94,12,0,3,2,0,12,0,0,1
147,383,10,142,2,0,3,0,0,7,1,0,0
67,31,1,63,0,3,0,1,0,4,1,0,0
98,8,3,95,1,2,0,0,0,3,1,0,0
90,12,1,78,0,7,5,0,0,10,1,0,0
89,838,51,64,18,2,5,0,0,10,0,0,1
115,441,15,101,9,3,1,1,0,6,1,0,0
232,150,1,227,3,2,0,0,0,7,0,1,0
193,46,1,173,3,5,11,0,1,4,0,0,1
392,613,26,370,10,0,12,0,0,0,1,0,0
83,58,11,70,8,4,1,0,0,10,0,0,1
274,385,16,269,2,3,0,0,0,6,1,0,0
156,17,1,152,1,2,1,0,0,2,1,0,0
331,196,2,314,2,14,1,0,0,2,1,0,0
304,469,5,296,4,4,0,0,0,6,1,0,0
102,20,1,95,3,4,0,0,0,23,1,0,0
240,368,10,228,9,3,0,0,0,8,0,1,0
104,14,3,100,0,4,0,0,0,7,0,0,1
239,392,13,235,2,2,0,0,0,7,1,0,0
134,20,4,98,0,4,32,0,0,13,1,0,0
291,472,25,282,7,2,0,0,0,4,1,0,0
242,351,15,238,3,1,0,0,0,5,1,0,0
112,755,38,86,20,0,2,2,2,11,0,0,1
134,112,7,127,6,1,0,0,0,9,0,1,0
100,701,15,79,14,2,2,3,0,11,0,0,1
254,355,20,247,6,1,0,0,0,2,1,0,0
228,253,10,225,3,0,0,0,0,8,1,0,0
59,1,1,57,1,1,0,0,0,6,1,0,0
122,181,10,113,6,3,0,0,0,0,1,0,0
69,2,2,66,0,3,0,0,0,3,1,0,0
85,10,1,80,1,1,0,0,3,16,1,0,0
64,96,3,61,3,0,0,0,0,9,0,0,1
251,266,29,238,6,7,0,0,0,4,1,0,0
193,1156,102,170,19,0,4,0,0,9,0,0,1
89,22,7,77,7,5,0,0,0,7,1,0,0
61,5,2,60,0,1,0,0,0,6,1,0,0
66,350,12,55,6,1,1,3,0,11,0,0,1
127,51,6,118,7,2,0,0,0,6,1,0,0
112,824,50,99,5,3,2,3,0,9,0,0,1
188,92,11,183,4,1,0,0,0,5,1,0,0
28,1,2,24,3,1,0,0,0,3,1,0,0
47,4,3,43,2,2,0,0,0,6,1,0,0
59,444,23,48,8,0,3,0,0,2,0,0,1
57,366,13,49,5,0,3,0,0,9,0,0,1
88,8,4,82,3,3,0,0,0,4,1,0,0
75,6,1,73,2,0,0,0,0,8,1,0,0
86,12,1,79,3,4,0,0,0,2,1,0,0
43,1,2,42,0,1,0,0,0,17,0,1,0
81,13,1,79,0,2,0,0,0,22,1,0,0
123,1078,70,113,8,0,1,1,0,6,0,0,1
100,9,2,94,3,2,1,0,0,3,1,0,0
70,4,1,68,0,0,2,0,0,5,1,0,0
188,13,8,184,2,2,0,0,0,0,1,0,0
63,10,6,63,0,0,0,0,0,2,1,0,0
99,870,50,78,15,2,4,0,0,9,0,0,1
53,6,1,50,3,0,0,0,0,5,1,0,0
32,5,2,31,1,0,0,0,0,7,0,1,0
96,880,35,85,8,1,0,2,0,5,0,0,1
51,8,1,43,1,1,6,0,0,9,1,0,0
21,2,2,21,0,0,0,0,0,6,0,1,0
22,1,2,22,0,0,0,0,0,5,1,0,0
61,4,1,61,0,0,0,0,0,7,1,0,0
132,9,1,132,0,0,0,0,0,3,1,0,0
164,60,12,160,3,1,0,0,0,5,1,0,0
239,2,4,238,1,0,0,0,0,1,0,1,0
154,43,6,147,4,3,0,0,0,8,1,0,0
36,240,20,33,2,1,0,0,0,9,0,0,1
129,4,4,126,1,1,1,0,0,3,1,0,0
685,1,7,678,5,1,1,0,0,11,1,0,0
207,10,3,202,0,4,1,0,0,4,1,0,0
43,4,5,39,2,1,1,0,0,10,1,0,0
266,7,3,265,1,0,0,0,0,23,1,0,0
973,45,63,953,13,6,1,0,0,10,1,0,0
281,6,4,277,2,1,1,0,0,14,1,0,0
63,1,1,63,0,0,0,0,0,3,1,0,0
293,4,13,288,5,0,0,0,0,0,1,0,0
105,3,4,105,0,0,0,0,0,10,1,0,0
117,5,1,117,0,0,0,0,0,6,1,0,0
426,27,21,404,1,0,21,0,0,6,1,0,0
308,35,36,304,3,0,1,0,0,5,1,0,0
211,9,10,211,0,0,0,0,0,0,1,0,0
239,9,3,235,2,2,0,0,0,0,1,0,0
256,24,10,256,0,0,0,0,0,4,1,0,0
69,1,3,69,0,0,0,0,0,2,1,0,0
230,23,14,222,8,0,0,0,0,1,1,0,0
11,1,6,11,0,0,0,0,0,22,1,0,0
91,2,2,91,0,0,0,0,0,22,1,0,0
93,26,34,90,3,0,0,0,0,13,1,0,0
196,2,3,195,1,0,0,0,0,5,1,0,0
351,12,22,349,2,0,0,0,0,0,1,0,0
